Search LSTM,Search GRU,Align LSTM,Align GRU,Insert LSTM,Insert GRU
-86.26533508,95.28657532,99.47624969,112.8023911,-45.26808929,130.5493469
-100.2598419,112.8643951,-81.7958374,94.95606232,116.1312943,-71.46017456
-97.4082489,107.0396271,76.6830368,82.8687973,-29.78356743,139.1160126
104.2316055,95.4364624,-97.12679291,99.73545837,113.4474182,138.5892029
104.4680481,43.32904434,85.95566559,105.4634705,-50.83602905,125.2189026
79.72141266,5.761715412,-96.86154938,38.92060089,-31.93460274,-65.03492737
104.6859283,113.7420502,103.2409897,82.22090149,-39.93467712,143.9119263
111.4451752,90.72781372,-101.7365952,75.32983398,-49.59985733,142.0415497
114.725769,107.2937622,76.84423065,109.9652939,-55.0087204,147.2212372
-96.45622253,72.8088913,96.95869446,107.94487,-30.56698227,137.2611694
127.4209137,95.46297455,105.8409348,96.12810516,-22.59342575,132.8205261
120.1912079,114.746933,107.491745,113.7298965,-16.46592808,126.1970825
108.6482315,94.3551178,105.3054428,112.8003769,-29.57185364,136.9892883
79.24653625,99.96817017,97.89403534,112.4205933,-76.08217621,140.2861938
103.4066544,100.6499252,109.4250259,119.1074982,-9.451618195,140.3583221
110.9007492,107.3693466,101.6236954,123.4107819,-14.81516552,136.7596436
108.075737,121.9577408,104.3683319,54.03006363,-12.11819458,143.4223175
91.60736847,-45.50082397,98.47094727,121.7120667,-13.0916872,134.9989624
110.018364,106.6281357,101.2506561,121.807579,-15.13842583,129.0075836
104.0420761,82.99234009,105.1383209,112.6358948,-13.07423782,132.3912354
110.1206436,98.80206299,117.0320511,104.5217667,-23.21249199,139.7784729
111.9014969,101.5811539,99.67219543,115.9974899,-16.0775547,136.2860718
104.0380707,97.05774689,114.1930313,127.0799484,-19.47585964,134.4452972
-66.21408081,89.59355927,112.6521149,122.4358521,-11.76806641,128.5427246
111.7055817,124.6594086,120.6659622,116.6415787,-21.75027466,83.31097412
100.1741562,99.77649689,101.4205246,123.8114471,-19.56155777,142.8625793
70.13780975,101.1489487,106.9840012,114.4292221,-113.0989151,134.6402588
114.845871,101.343399,105.1234436,116.3690338,-35.5635128,144.8548279
89.74262238,75.8632431,123.690506,123.1523895,-58.62650299,127.489296
92.84669495,96.02626038,117.4187622,116.0549011,-93.81411743,143.4887695
-129.5592194,116.4195251,113.8359451,118.3455276,-28.50139427,122.9799728
104.0905914,76.58331299,117.7670364,121.3179016,115.104599,145.610199
92.30101776,72.52454376,121.8308945,118.3568802,-46.94169617,133.8039551
105.7465668,101.3442078,117.8651581,118.3680878,-42.25829315,134.1880951
96.9088058,63.44293976,106.1987381,110.3485794,-50.63588715,130.7127838
96.6190186,-72.5280838,117.0275269,114.4093094,-14.77303791,129.5028229
65.36716461,111.6304398,114.6561127,112.5127335,-18.36896896,134.7133026
98.4963455,106.333519,114.1766739,119.2618256,-14.2391119,120.0708618
94.26592255,108.2434311,117.1312866,119.0943222,-84.19629669,134.414032
113.1548462,111.3386612,-112.6444321,117.1631927,131.9030914,141.9130096
103.2486725,127.7421951,108.4802399,123.7268906,-52.30757141,140.7475433
111.7308121,102.5944901,108.8156967,118.3263931,-32.99099541,142.5845642
116.6296082,85.490242,112.1401596,121.597084,134.651886,141.693924
79.32925415,114.6153259,113.5072174,118.9871902,-52.0888176,134.8829803
114.0398407,88.60103607,108.4673767,121.7067108,128.2121277,134.8686371
90.81400299,106.761322,-108.9959259,111.9093018,-59.4706955,139.1562347
110.2833939,112.4017258,118.8945313,125.4071732,128.2927551,143.7750549
118.7815094,118.6974792,109.4698563,122.971138,135.7146149,138.7674408
115.2125702,83.92193604,114.3638229,121.7669067,127.2747803,137.3314362
112.7023239,92.55902863,118.0946045,108.616127,96.7729797,138.1350098
86.29406738,87.64352417,115.9274368,121.0365295,130.029007,137.3223877
78.09069824,119.5529251,119.1433334,107.6462631,130.0718231,130.3133163
108.7502136,115.8593903,120.539505,125.2222061,126.4767303,137.9979248
114.2638702,108.081665,122.0634995,126.4104309,130.4184418,134.665451
110.5923615,64.25029755,115.2896271,114.8854218,137.971283,134.0131836
116.7620544,99.54605865,112.3716202,109.0090561,127.0239868,139.8355713
112.5150833,95.23696136,120.6262283,114.2178116,132.9873657,142.8119202
112.027298,113.4130249,113.6434631,111.215538,142.6393433,140.2918396
79.31821442,87.92266083,117.9542084,123.1876678,141.0227509,134.986557
111.8446808,120.0005569,-115.3976517,125.3991547,134.3673096,135.0814056
111.3889313,112.1921158,119.9020233,117.2397842,134.2467346,133.9371338
87.89731598,113.6398621,116.1245804,124.2158127,134.1302338,143.1076202
83.14646149,109.2997742,117.9064026,112.9925995,138.7741394,136.5720825
64.46669769,89.62619019,116.0343628,120.9888687,133.2275238,137.7184906
118.2267609,108.3519821,118.7518005,116.4082718,135.4490662,132.1511688
89.65875244,128.5679016,122.0585556,122.8494568,132.3054657,140.0062256
117.252655,113.7546921,119.2482986,123.7557831,132.2830353,129.9450684
107.7463531,123.4041061,118.1505203,114.4057541,141.3367462,140.737793
119.9977875,107.7604523,115.4951019,123.5924225,140.0190735,140.9147949
65.33087158,115.1204758,119.9187622,122.9980164,141.6561737,140.1966705
87.77905273,112.7006073,120.3289108,113.7572632,137.0669098,144.039856
99.0942993,103.2211304,121.0303192,127.6618652,141.9206848,131.9794922
106.024292,89.47047424,114.6429443,124.1361694,133.3806915,140.3234406
86.0477829,103.4152832,116.6361694,120.9691315,139.0205994,140.0067444
119.3295135,107.9052277,116.4029999,118.2229309,129.7001495,137.8328552
102.9736252,99.46263885,123.9393311,111.4977417,131.3350067,146.480423
101.7221375,112.1057281,117.6590576,118.4225082,137.6746674,144.9863434
115.099762,106.5085297,124.6811829,115.5637817,136.49823,141.680481
97.2112122,120.8762436,123.9846802,125.5310669,140.9687805,134.2203369
114.5122223,112.8936157,118.9380951,123.4767609,133.3720551,141.6625366
124.7463226,118.9235458,124.5184937,123.2078094,143.7059631,132.6031342
108.2968063,89.95690155,123.1771927,105.4191132,136.901123,144.7606201
95.53168488,115.0647659,-36.17313385,122.3199768,142.7880249,139.700882
118.08284,111.911377,121.231369,124.3572693,138.6813965,142.3438568
101.2569046,117.4866257,126.4778519,127.7990112,131.2526093,145.1222076
94.3637085,119.0719223,121.1810684,115.9265442,141.7673798,134.1186371
105.8643646,87.24932098,119.4372711,120.3846512,-111.1791687,112.0047302
99.3217468,96.24131775,114.0511017,126.0441742,138.6646271,142.604187
114.988327,119.2317963,113.9365005,125.9714813,130.3881378,139.6912689
117.760025,106.1710892,118.3696976,121.0241089,141.4022369,134.5097198
104.807518,106.4865341,119.0214767,120.4452972,132.3658142,135.98909
106.7196579,94.10400391,112.460434,121.3143845,134.3358307,145.1173706
115.2773132,95.85962677,122.619957,125.4218063,136.2271576,143.8530579
122.2164459,123.7842636,119.5673828,107.3411484,132.1208954,142.3575134
86.39201355,110.3815536,117.7980957,120.7190094,137.2387543,137.5389557
128.4347992,103.7103119,118.9833984,117.4566727,136.0826569,143.6075897
87.36645508,101.6734467,118.2424164,121.8362274,139.6677704,135.978241
37.79396439,85.17443085,118.3501663,114.3926544,129.7134094,144.0970612
-56.67043304,110.1421204,110.0324707,115.3577118,130.0576477,136.3526764
117.1976624,104.7325821,118.598259,122.14711,131.3606567,142.0115356
107.378067,115.9512787,116.9023361,120.9055176,134.6430817,132.5119019
112.6458359,118.3639984,130.1357269,108.7685547,140.1170654,140.1516418
117.7965546,95.00720978,121.0887909,118.8850403,128.5173645,136.1522369
121.7354736,61.30910492,120.1751556,117.6167679,134.0498199,131.935791
121.9580841,95.2905426,128.031189,128.7649536,137.3110962,137.399231
-58.72598267,100.6595688,118.0806732,113.225029,131.9296265,145.0980988
113.9110184,99.06221008,119.1271439,113.7962265,136.8693237,144.064621
110.1193619,109.5385361,120.5175171,117.200119,131.8791809,139.8310699
104.3009033,112.6134262,117.7556839,127.9866257,130.3654633,145.0843048
113.917572,110.1177597,117.7205353,122.4028091,133.0503387,133.4803925
111.6310349,113.8353195,105.7763977,113.6425095,138.6460419,133.6317749
116.143158,99.88749695,114.3603897,127.8792953,129.7456207,132.4468231
96.8179626,103.5008087,117.5957565,126.6119156,138.1577148,135.966217
99.1307297,106.5636902,116.1934052,116.4386215,127.1446686,129.5131989
113.5960922,115.4035416,122.2537766,121.0929184,129.2748718,133.9999542
95.95343781,113.997818,117.1217957,126.2412415,130.3181152,146.0032349
77.55375671,107.2422791,118.514801,120.6834259,132.8331757,139.4277191
115.4584045,118.0585022,124.1849365,121.6648331,131.4563599,136.3833466
111.1793442,111.6571732,106.3322372,124.7036896,138.3762665,139.3668518
85.36653137,111.7495728,109.2808609,125.966217,134.9928436,142.855423
103.7035522,124.6770706,119.9404144,126.5065079,140.9177246,130.9395142
115.3307495,117.9195251,115.499939,128.0653381,139.5443268,141.3154755
111.2869415,124.2982941,104.8793411,122.7452011,139.2749634,144.8941193
92.76609802,113.2197952,106.1470871,116.6924667,135.8628235,137.3028107
111.1686249,120.0029526,115.0363083,127.5605927,141.843338,138.9519043
112.3704758,115.1530914,118.4011765,114.3581085,129.34375,138.8137207
77.342453,98.72023773,118.8860779,120.6226578,141.1646729,140.8599091
118.3401642,102.8274918,118.6025009,123.8300781,134.8654175,136.6475067
97.6140671,114.064476,119.6881638,123.8715668,-79.43172455,145.3919067
76.36148834,101.424057,118.6582413,120.4276581,140.7543793,145.136673
76.99062347,101.2074814,116.1261368,124.6788254,135.0821381,140.7654266
120.789505,97.83308411,115.9475021,127.4508133,127.6880951,137.002243
103.1574326,116.9925232,122.4420319,124.289917,132.4298401,138.5185852
106.3607101,83.45072937,122.1277161,126.1588593,138.8090057,135.6424561
113.7947388,109.1069794,112.2691574,123.5569305,116.9978638,143.6550446
114.776474,122.4354553,114.3065643,119.5427628,141.5214844,133.6778564
111.5283737,124.0745926,117.3244247,125.0417633,125.1494293,131.4082642
104.6316071,122.9513779,113.2707825,124.6846008,127.8454132,136.8123779
111.2640762,103.5224762,114.8761826,126.0466385,132.5877686,133.2978516
116.6499176,109.5675812,116.1490021,123.2436142,137.6890869,138.5136108
109.0081406,122.0589905,114.1293411,126.2802963,141.547287,136.9396667
-75.57538223,119.3047562,118.1739655,124.2893829,133.3115845,143.9225006
124.5724945,122.6045914,117.6138,116.6095428,138.4632416,135.5058136
123.908493,112.8571243,116.6533356,121.7143631,130.307312,139.4508362
118.2986603,106.462471,114.9391403,120.8322296,131.2620087,146.935791
101.7932358,117.4144135,111.9077988,121.0864716,131.8148499,139.6466522
99.149437,116.1250839,113.6133881,119.1744919,132.2430878,138.6958923
84.63119507,118.3891144,108.9813919,124.3284073,137.184082,143.1291351
108.3830261,108.0600662,112.5396271,121.7301941,138.9906464,146.70784
104.1617966,110.5927582,115.0437469,128.6437225,136.9778595,144.3731995
116.999115,112.1221237,115.1105118,119.2577133,132.8133087,144.6303101
126.7846985,125.1611481,124.2809982,124.6912766,130.2143097,145.5208282
122.063858,123.0526123,118.678566,121.4380646,137.0998993,137.5300903
117.9151459,111.0783005,117.9679718,115.5196762,131.814621,131.2371368
102.1490936,110.6482468,117.7692719,125.3559341,132.5823364,146.0123138
122.67659,94.69420624,113.314682,123.1289978,136.7208557,144.6155243
91.06479645,123.7348022,118.6472855,122.1676865,140.478714,139.9891357
95.38829803,124.9033813,118.2652817,122.6362534,136.3217163,144.9017487
95.90428925,99.84300232,112.903717,124.1839218,137.3225098,131.447464
62.61670685,124.320282,115.5748367,119.353447,132.628891,138.0945435
98.2374496,115.7650986,120.9451523,127.6156616,140.2773438,146.5496216
114.2922211,109.2169266,122.4699707,126.5749969,137.1170959,144.036026
122.4705505,109.9612503,117.1239548,109.7760925,136.9007416,145.5570984
125.5389862,102.108963,114.7761841,127.2822418,139.9434357,140.188736
117.3331299,112.0528946,118.7198334,123.3970566,139.8440704,130.4842072
100.4915314,115.6898193,113.6041641,122.5229797,130.8654633,134.3798523
100.0303268,108.3847122,110.5264206,126.8527145,144.1714172,142.1788788
118.1108551,106.2419205,114.2915039,120.0231552,135.1285706,141.6876678
105.2420807,118.4116058,118.7919006,124.4608994,134.9024506,144.0449524
97.1462708,114.8344421,118.5564117,114.9459381,134.1552887,145.5362701
107.6916046,119.1333237,118.1051102,127.4265823,140.7502289,145.906311
117.1578369,120.1202011,125.1391754,127.5079422,135.3259277,142.0901184
82.51985168,118.2784348,122.8927612,116.3885498,143.4024048,145.1177063
107.5499954,114.9637222,120.5187454,120.4230652,129.0040283,143.6285858
98.2118149,118.8683243,123.0847855,114.1498642,131.9897766,137.8000641
54.04251099,116.6411362,113.9769516,118.9154053,-24.18213272,139.1468201
110.7341156,124.2277069,117.3914185,111.4607086,125.855011,145.8383636
112.9369965,121.8831863,114.5414963,124.8203735,138.7709198,132.0930481
116.9224091,112.5349426,115.4889603,121.0062943,132.7779541,133.4881592
105.0749435,115.0029221,112.3883667,108.0610199,129.7259369,132.8592224
93.91038513,105.1549072,112.3874283,127.5414505,138.3292999,143.8291779
117.2391663,121.392067,120.0478745,123.0534821,135.0370331,141.5539703
115.8221741,107.307518,122.1271973,120.161293,130.8625793,134.4964447
117.5724487,124.6374054,115.2724075,111.7716064,141.570755,140.1723022
101.5699463,100.4551163,110.1349792,129.2534637,131.5001373,142.8306885
120.3659973,102.8980942,117.6931992,122.5035095,133.4473572,145.4631805
88.91226959,103.81147,114.3372192,84.42402649,140.6853638,133.4202118
127.4851379,111.9632034,114.5818024,123.0132828,133.7335663,130.8302155
114.7140045,115.4449081,116.6564102,118.5885239,136.668045,147.1074829
117.855072,108.9581757,117.1856918,123.527565,-54.56629562,141.4644012
98.2325974,113.2619247,119.7365875,117.349823,-63.92028046,137.7810211
99.6540451,127.1217194,116.2198181,126.7129211,137.9420013,132.5537262
97.9639511,110.6495819,124.4618988,127.4914017,128.6398621,144.3392334
108.9216232,124.834404,117.7461166,112.7068863,134.2120514,144.0704651
117.396225,102.8982391,116.2853546,129.0449219,129.2887726,144.6068878
108.9189987,126.5354538,116.048027,121.5224075,130.8655243,136.1016541
116.7692871,113.1311951,116.0446091,122.3836288,126.9493408,129.451889
121.3123474,99.61847687,117.3275986,124.412735,133.4650269,144.304184
110.0515823,124.3599548,118.1864319,125.5235596,130.9487,142.0537262
108.1416702,114.4221115,118.3687363,111.6394348,132.5706177,146.260025
124.3761444,99.3637085,119.2107544,119.4202805,137.7225037,134.9837952
123.0326691,116.2787933,120.4878159,118.2641983,132.3243866,141.0565948
109.5834503,115.5889664,126.9477005,125.0552673,143.8542633,136.1899719
86.96746063,124.9246521,124.4001465,122.7532196,131.8296204,138.9620361
121.7878723,122.9040298,120.142334,122.7700348,134.2665863,145.6350555
101.1434402,132.5254822,122.6377335,122.4913635,136.9750671,142.4219055
122.8632965,100.3257141,118.5181046,126.1919098,132.8002319,140.0541229
114.8855438,117.175499,111.8548889,119.7667542,130.9988098,142.0658722
24.36486435,124.2106781,119.5149078,122.3914337,134.4224701,138.2956696
116.2515411,108.3099747,123.8195038,123.8860092,135.9998627,141.5548553
109.674675,103.0132751,119.9209595,123.8191605,125.5771179,135.6867523
103.8822174,110.4116592,121.7352066,110.60569,135.9373169,141.243103
116.2152863,112.3666992,118.8625641,125.8324127,138.0246277,138.2555084
77.66474152,126.5572128,115.3264923,123.6655045,138.8733521,138.6995697
99.5362167,103.1182327,123.9775467,118.1067963,138.4142303,138.1690979
118.8458099,99.37548828,113.223381,119.7394257,133.43367,130.5613556
117.4028168,120.4364548,127.5845871,123.8017426,133.5559998,146.3694916
122.9620819,124.3324203,119.0880814,124.5325546,105.5662003,143.1800232
61.00853729,111.7615128,119.1029434,123.9182358,136.996048,137.6557007
114.95578,102.7804184,122.266037,98.5479126,137.1266785,138.1321716
111.9609451,106.3178787,118.564621,127.7326508,136.3382874,143.1688538
116.1146851,127.1894073,118.351265,125.7847977,131.0432587,142.3946838
118.4738617,120.1244125,114.1617508,118.559433,132.9108582,138.8189545
96.5283203,112.8988724,121.9355392,113.2688599,130.2327271,142.4480896
127.2435913,113.6381683,118.6032257,119.4256134,134.8231354,144.0945892
102.9903183,126.9623489,120.9173737,123.9190903,140.3883057,143.6911163
122.3026276,124.7054901,122.7956009,125.3189316,130.1347351,142.169342
121.5266113,112.5954361,120.0258865,115.6689529,133.0575104,140.5352173
114.2120361,112.4043274,117.4051743,123.8724823,140.0257416,134.7555542
107.7484589,115.7932434,116.1705246,126.4917526,-55.01648331,145.3401947
123.8411255,112.4197235,122.4515915,122.6129913,133.3826904,146.2870941
121.3531952,103.7406693,127.0277939,121.5574417,133.2062988,142.2017975
117.7963104,108.7316971,115.9942474,130.2250061,142.3707581,133.5965576
116.4098511,95.47525787,118.4836578,124.1434708,141.6054382,143.5311584
110.969696,108.3347092,116.1724243,122.9143066,131.3838348,132.9535217
117.1032867,128.5601196,116.5761185,119.7220993,128.0935364,133.4972382
119.6178741,99.50056458,118.3542938,123.2516937,125.2469025,139.8326721
103.0902634,122.0014496,117.5522308,120.0512238,133.8303375,140.9112854
117.1040955,114.3486862,116.5112686,120.7690201,134.546936,140.7013855
106.8538589,107.8024063,125.52742,123.9821777,129.7316284,138.5571289
84.68389893,119.5061951,119.6737976,123.1574097,137.9085999,136.1782837
120.5213776,111.1077957,117.312439,126.1723022,135.3303833,135.5833282
122.4056549,125.3052292,115.4025192,124.5442657,132.8873749,143.3678589
117.3136292,125.5906372,121.0973511,116.3570786,139.1289978,136.4692993
122.6947784,92.42024231,115.6018906,118.2254562,142.4582672,138.7265625
109.0512848,127.1261826,117.4911804,123.4719849,132.5710907,143.9314575
112.0327377,106.6588745,110.487915,125.2000427,139.4361877,145.8871613
102.1360321,130.2054138,121.4029007,127.1107559,136.8337097,142.7546539
111.5177917,104.6139069,115.9162521,125.2703094,139.5129242,143.1443787
89.93653107,126.2483063,120.5238571,117.4478073,129.702713,143.3314819
108.1648636,115.3272858,111.2454071,119.0208588,142.0224609,146.1872101
108.2053833,106.0068359,117.3278351,120.1620636,133.6076355,135.8087616
113.4799652,88.2930069,106.8778458,123.6060181,129.8747253,140.4610596
117.4599609,118.9990387,112.5225143,114.5000229,139.21521,138.4221649
111.2538376,115.0048218,106.9713211,122.2338562,133.6293335,142.3252716
98.992691,-54.15459442,119.4250183,125.7854309,132.4875641,130.0163422
129.1319275,116.2422485,118.1692657,126.7081299,130.1235199,142.0807343
120.2281342,122.1362228,119.5488129,123.3459854,135.3266907,133.7121887
102.0569077,115.854454,114.3305893,122.8181,130.7990875,129.793396
118.0797577,112.5470581,114.0004196,114.4775696,133.7649078,140.6176758
109.967453,114.7493515,113.5632477,125.4046555,138.7391052,141.9831543
116.162323,118.4063644,118.2243652,120.7036591,135.2522736,142.7809296
111.1656723,111.2939377,117.8341675,114.1089401,135.937439,130.5707245
108.4776306,116.7917938,115.8917313,115.4071503,131.7484131,140.4431763
94.72223663,116.561409,117.5795441,119.2954178,131.7704315,144.0651245
102.5829391,96.63311005,106.7377472,111.8708801,137.2835999,139.7368469
118.9740143,118.3255615,114.0656204,127.6528625,139.2885742,133.0046844
109.3812714,114.6995316,100.437294,118.8711624,127.1948853,144.8354034
119.7025604,106.3197861,118.0731659,123.5177383,135.2662964,138.0912476
116.8446503,107.2432556,122.0239258,125.0889435,129.9801636,143.7658386
122.6013031,115.3459778,117.7096558,116.28965,132.5011292,138.6042938
115.9149323,120.4075546,111.287384,113.6395035,130.2532959,143.6539001
122.7897797,81.50187683,118.2572784,124.2862244,128.7164154,143.6210785
114.2328949,129.1369324,118.1415329,126.7007751,135.8140564,145.1613464
119.7756653,109.4465561,127.1027756,118.0686569,131.4659424,145.9892731
96.9561691,120.3533783,115.9881973,128.6212006,130.487442,133.5285645
93.3374939,96.42047119,117.3692017,123.0286789,138.85289,134.9349213
116.1307373,113.5808105,121.348465,125.3289413,141.8326111,141.7097168
120.610199,121.941803,116.980278,120.4480133,115.3664627,141.2411499
118.2495575,115.1176758,120.1087189,126.1144943,134.3969727,146.3795776
102.2349396,117.8522186,115.9064789,108.9621506,142.0202026,131.7814941
117.3038025,109.1780167,115.6705093,123.1336288,130.8016205,139.2768555
108.8893127,107.7079849,122.4723434,118.0612488,130.5239868,142.1529083
100.9812775,124.2599564,122.39711,125.747261,141.5326233,130.370636
96.7915344,113.7902985,119.7672729,117.4466705,134.9510956,142.6947327
122.6636505,122.7395172,119.405571,126.9243088,135.1555786,146.4068451
107.3892212,93.97460938,114.6992569,120.6033325,137.5783386,146.4177551
104.6205978,113.4284668,126.8336105,125.9243927,132.1509552,131.0088348
116.8805389,121.3798676,122.4211121,125.7017517,134.9567566,146.6874695
113.769165,110.0646744,111.4053726,116.9059525,132.6765137,139.5963287
116.2917023,112.8765488,126.3083649,117.5406342,143.6410675,132.4302979
-60.51802063,112.6721115,117.9701614,121.0934143,140.8756561,137.4326782
97.7553558,127.9565201,124.7591095,125.2438583,133.4576874,145.5679779
109.2490387,123.3685303,120.1737976,124.5244293,124.1504059,130.0192566
57.83007813,112.6771088,116.077034,126.7047348,131.5864105,138.2261353
109.0558929,111.3142776,119.3205261,120.5649261,129.1767883,133.2413177
124.1137238,118.717041,118.0791931,125.7883377,143.7658234,132.6788483
102.6867523,115.1239929,115.5891571,119.7064133,135.6404724,143.2188721
108.299614,110.6724243,119.0710526,125.3992233,135.9290771,130.9190674
118.2502594,127.871582,116.5631104,120.8432922,138.5103455,144.532608
105.6035004,122.7657928,118.9750671,129.0363922,128.9230957,145.6446991
119.2933502,122.9087296,117.8237991,107.546257,136.8332672,132.6399231
102.4816742,114.977005,122.7391434,117.1078644,141.004837,131.1862793
103.4076385,114.3167114,119.3877792,118.5540009,134.3497772,144.0704498
102.318367,113.3979721,118.3462067,123.1325302,143.3476105,144.6278076
118.9202576,112.1608429,121.2500916,126.6331177,136.0608521,136.663208
117.6141205,121.5692291,121.3731689,109.7741547,134.5549164,144.2918396
113.4416962,116.0308762,127.1145935,125.9713211,136.0721283,139.0154266
116.7805023,116.2455139,124.0021667,114.960083,140.6691437,141.939209
118.5008392,121.2650604,115.1199875,124.5464325,130.1388245,131.3429565
113.4362488,117.4438324,119.9560242,118.9020538,127.3222809,146.3197632
108.687851,106.46978,119.403038,123.9163284,131.6544495,131.9602661
120.4089966,128.6680908,117.1417847,110.6339188,137.9711304,144.8654175
117.8365326,122.6570663,120.6387482,129.3664093,142.5289307,132.4962463
122.8853302,108.5136948,122.5318604,121.9714813,126.6549377,138.8508759
127.6963654,120.2224426,120.0862885,124.5644455,139.5596008,144.2661743
117.6976013,102.9072876,120.4675522,114.7086182,127.1568146,141.113739
118.0284271,112.6852493,121.5382385,117.4421005,143.3513184,145.2041168
119.2583008,118.8462906,113.3273773,125.3887634,134.4777222,129.5305328
117.9095612,102.6319809,124.0659409,126.1894226,132.2849121,141.7878113
118.5133057,118.9729843,121.209198,122.0089188,136.4165955,135.2499237
111.2930069,117.0743561,119.2484207,126.0096741,136.363739,144.3961182
110.4777374,123.6732254,120.5464554,122.7322922,138.2398376,141.9226379
109.5596161,116.6665802,120.1220245,124.6942368,143.2072144,146.5232391
109.8832703,117.9339294,110.5922699,123.8423538,-9.710891247,129.9423828
105.4993668,116.0884476,121.9002304,119.2878876,135.4086151,143.6687317
97.4208832,113.9329834,120.3949127,121.685051,137.1813812,144.4919128
98.454895,111.7449112,115.3428345,110.9519348,139.4855957,141.6133728
121.2858124,115.4202728,120.164093,124.1110229,141.8836975,146.1089935
127.5595093,121.9856491,118.8014832,123.680954,136.4807281,135.7198334
108.6562729,120.275177,122.4738159,125.6127014,125.7062073,144.5722198
119.3415375,87.79478455,123.1758347,125.5771179,142.9832458,133.8361969
109.2289581,108.2906494,104.0677948,117.3939896,140.6330872,137.1257172
109.4784012,112.795166,120.8715591,120.2666092,127.0964813,141.8466644
112.3696136,114.2115784,124.0503082,120.7800598,134.4165497,142.973877
112.7687988,114.735199,115.5396805,119.2165833,134.3654785,139.8099365
109.6364059,125.5318604,123.9565811,129.7939148,142.0108032,143.7179108
105.203125,124.5904541,107.3295898,126.4858932,134.7299194,140.1353302
117.3589935,124.715126,112.1870422,126.9181747,140.0280762,141.1950836
117.85466,102.6300201,119.2803268,127.9955826,129.1602936,140.3359833
117.410553,123.0895767,105.1737137,128.9373627,136.6218414,144.017334
114.8730164,127.6411591,111.1841965,123.2710266,142.424057,134.073288
99.3747787,112.5817947,106.7310715,115.1832962,141.9499207,146.8916016
117.3492279,118.2329407,115.8267288,121.4340439,139.7772827,141.6969452
112.2386932,123.3235931,112.8974152,123.9328384,137.117691,144.5334778
112.3634033,126.8763733,119.7707672,119.5237427,136.7765808,139.4087524
-53.99346542,118.4984512,114.7348022,119.9537277,135.1686554,133.5111694
112.8512115,123.6906967,-60.52099609,112.2358627,132.183197,145.3529358
107.6212692,129.3265076,120.0593567,117.8070602,132.7440033,145.8411865
104.1194305,123.8133163,124.6805725,119.0705795,136.1012878,134.5621185
109.5963058,117.7824326,121.9622955,122.7904282,138.2424316,146.2500763
123.848938,125.2022705,117.7240524,123.4862823,134.5770264,146.1111603
118.2291565,110.9094467,118.9583206,124.698143,135.177536,141.8497314
106.3113632,-47.33997726,122.4405365,122.2596893,138.0116425,144.298172
98.0356598,126.8400879,119.6118317,116.7273102,138.8998108,130.7865143
115.8578644,111.7716293,119.6724777,127.3850174,132.8111115,145.0159912
101.9398117,116.5926666,117.2145309,124.733078,141.8076782,145.4350281
99.2615891,100.315239,114.5111465,128.9800873,137.5225067,138.8253784
103.4267044,123.1320648,111.2899017,122.8219833,128.2996674,143.6737061
109.7775955,119.4639053,116.9786377,128.9659576,136.360672,139.3480682
84.83840179,126.6960297,118.3803406,120.5217209,137.2268219,136.7313385
101.9344711,120.5361786,104.933136,121.5676422,137.4880066,142.8670654
111.5059662,128.2702637,116.5240326,125.9815292,137.903595,135.7506104
117.5848236,129.0944672,118.0731354,124.0609894,130.4768066,134.69133
92.41602325,114.4134979,117.7837677,127.0046997,134.792038,141.460556
104.7241745,124.6027985,117.4940491,121.826622,129.7586517,139.4858704
122.3258209,116.3400345,117.4566345,120.7588425,135.5677032,143.2690582
119.8585052,119.8135757,123.2862549,120.2893066,141.7841644,133.8801422
115.1595154,126.0804825,124.1785431,124.4573822,139.0814819,139.2031097
115.2463837,121.5590363,105.7302475,117.8172379,138.1703644,142.9841919
117.8729858,129.990799,122.1410751,124.3595428,138.0309906,132.7403717
112.3489838,119.877037,124.0414658,124.8612823,129.135849,146.8959045
105.2510529,104.0902405,117.6118546,121.3525696,135.0881348,141.6056213
121.8388977,127.95047,116.5542984,115.6856689,138.0399628,135.7401581
113.7446289,115.8441696,116.906044,122.0242996,138.23172,138.1980286
86.50309753,106.4522629,105.111824,123.6235809,137.8679199,140.5705261
89.04614258,127.6965866,122.2462006,123.8895798,136.2396545,138.9602051
115.3287048,128.9586945,119.4537277,117.9469681,137.8314056,138.3547058
97.5745392,114.7031403,122.6267395,115.0347748,135.1589813,132.5270691
122.9536591,115.9790726,123.1321716,113.5898361,134.0690308,144.8023529
87.99991608,120.0047073,120.6722107,123.3254852,134.9039612,143.1360779
121.5346375,116.454834,121.5428391,123.8184738,133.329895,138.2910919
118.0149384,129.7196045,117.8625183,123.2629013,131.6464386,146.1008759
116.8556824,119.115448,118.6271057,127.6606369,138.3122253,145.8542023
114.8598785,111.1278,120.803421,127.8705673,138.1348267,141.3688507
114.3535309,120.9378128,118.4529037,117.8083496,143.2664337,144.3067474
100.2250443,123.5647049,117.2417297,122.97258,139.038681,142.1595306
119.1385956,105.7368393,114.2701721,119.4666367,129.2205353,144.8367767
105.980423,112.7245178,115.0013885,128.6510773,136.5658875,142.7102661
85.38140869,126.7802734,120.1699142,125.3113251,140.7695007,145.1096039
120.505127,124.0605392,122.0884857,128.3640747,128.2210693,141.6836243
116.9942322,116.0328827,117.7945099,123.0819168,137.3538361,137.1880188
112.9655914,114.7153168,118.8235855,123.594101,129.888916,136.3034058
77.52536011,130.716156,118.239418,126.8782425,139.6795502,145.6174011
113.8184662,115.3318634,100.2418365,127.3447342,141.0875092,142.048584
116.6424408,121.354866,123.8052673,126.216217,135.7281342,138.5218658
97.2103958,125.0225372,126.167717,126.3007507,140.7087097,146.3626556
110.8013458,126.4197388,118.5598831,128.4004211,134.7042236,146.2805328
110.23423,127.5836029,122.757019,123.0071945,139.0451355,134.1260071
111.1632004,119.6022949,106.9677811,122.9014435,141.1734161,140.9951782
97.8633041,108.686348,119.587944,120.6344833,139.7757721,146.8144836
127.381073,121.8427124,112.901001,124.8741837,137.585556,131.0172119
108.5905457,115.4640503,118.461998,123.4182892,126.9117126,138.024292
108.6458511,121.5163574,123.4387894,123.3303757,134.644104,138.5370483
119.0732727,118.0557938,114.70047,126.7173233,139.9526367,145.5485992
116.8291473,121.1832275,119.4098969,128.5016632,137.6282196,142.2762756
119.1693726,110.846405,116.3585205,108.1892319,136.2121582,144.2855225
121.8806458,112.8551712,120.2319412,127.691391,139.5319672,144.6837006
106.7837067,125.291214,114.5616531,123.0845642,131.1201019,144.0080109
105.4688187,-44.77607346,121.2100372,106.4205704,137.2064056,143.5492859
121.1200409,127.2842255,123.7469177,124.2514801,136.3165283,143.2051086
119.4795074,124.6111832,121.9627533,124.8937683,134.4016724,132.4923401
96.5433578,125.6397018,119.5988541,123.8296509,139.3217468,145.1604614
118.9135742,111.836441,113.2686996,119.5337143,142.0338745,135.9737549
117.1129456,120.7432404,115.2501907,127.7849731,133.0602722,145.2770996
112.4532471,117.3931046,122.1000137,124.6683578,136.0062561,136.8570862
112.1996918,112.9580154,118.676239,122.9809036,141.0278778,144.8200226
127.7778168,125.8825073,120.549263,120.6350174,143.1721954,141.592514
115.7688599,107.2969208,117.6239853,122.7709808,133.9822388,133.8362122
113.0972061,108.0773315,116.0309296,125.5116501,138.533432,132.2529144
117.3077545,113.4125519,111.7329254,124.0510864,129.0495148,143.4535217
112.2626572,112.8712997,119.7038574,123.4166565,132.8745422,132.0075684
115.3901672,116.2185211,116.2938232,122.3963547,141.1508636,146.5706177
115.7957764,115.9030685,117.8846283,128.9830475,141.5699463,137.3542633
118.9510498,116.2502823,122.5558624,121.226181,127.3245239,143.8354797
92.68060303,132.2006226,114.8492661,122.7876205,134.4737549,132.766571
112.8750305,123.2874527,109.3437042,126.13694,137.6754761,137.0130768
115.8433685,123.4108124,119.8058777,122.5145416,134.9999695,141.1763458
100.9367981,123.6593323,110.7706146,125.8910675,141.9720306,146.6568604
73.44565582,114.9904861,108.6327591,123.536705,142.7395935,141.8027496
-54.07435226,112.5113907,116.3573227,123.5123138,134.8508911,130.5056152
117.0913849,117.7202911,117.2604294,126.4795609,142.407608,143.4501801
127.7399292,119.7748032,122.5239334,125.781517,139.9495544,132.7868652
110.3727875,126.1883926,128.2114716,123.6632767,129.8826141,136.7383423
108.6277618,121.1988525,110.0191422,121.3927612,129.4483185,139.3313293
116.9528961,104.7689896,118.1548462,112.3574905,140.9445343,142.5301971
94.5827179,116.6692429,116.3313141,115.3356781,138.9592743,139.5605621
120.0671387,116.520607,124.5700531,129.5660858,142.2584229,145.0609894
100.0958939,126.5877228,118.7692642,116.5727081,138.8235016,139.0557098
98.4670029,115.9689331,118.6675034,124.3929138,143.4727631,147.4424438
95.04690552,125.828392,117.7861633,122.4585724,136.5468445,131.7983246
116.3286285,113.7127762,117.9361801,123.6880417,141.2685394,143.5318451
106.4256668,120.3577423,114.3511124,125.3570023,130.1036835,147.5335541
109.0129623,128.0345459,115.2287445,114.5947189,142.9004059,146.8249512
110.1862183,119.1358185,124.7815247,128.4800873,135.245224,145.9205475
93.2424469,112.4562378,117.1416779,114.6957169,129.6617584,141.9351807
112.4521027,112.189621,114.5201263,117.5150452,129.8351288,144.0867004
120.5834808,124.9107056,112.7096176,126.1004333,138.6246338,145.7199249
114.1497498,118.918541,111.9769135,124.769577,142.028244,142.2614136
115.9723511,109.9385223,116.2980042,117.9313126,140.8695526,141.0474396
112.9861679,117.7278824,114.6307297,131.0243683,138.780899,137.4587555
118.9747772,116.7527695,126.1435318,124.0224609,140.2932587,136.8152771
92.1961441,115.5443573,125.0652695,127.1942215,142.2195587,141.2815399
118.4476166,119.2504959,113.364769,129.7653961,133.421051,146.4761353
109.2283554,116.7616959,122.4183426,125.2021866,140.7640076,141.5300293
119.730011,128.4058838,110.2448502,121.7452164,141.2369995,141.1052399
105.999176,116.9232407,121.73349,123.923584,141.1136932,141.4556885
116.396286,116.3374634,118.0739212,124.4976807,143.8084869,144.4492798
104.9754028,125.1990967,114.9427948,122.2067719,130.4247742,140.9510651
115.9242096,122.6987305,120.4252777,118.0557632,133.4768372,132.1533356
112.7847214,109.2664337,112.3676147,124.2327957,139.6966095,134.8613586
106.6602631,120.8057709,122.0413895,117.744072,129.9920654,144.0010376
122.2081146,120.4430618,106.1109009,116.1293259,136.856308,146.2338257
120.4867554,123.6989517,111.8894958,129.5842285,139.9557648,145.6468811
87.97090912,129.5558929,115.6806107,125.5055542,140.8326111,137.0261383
114.9945831,108.5790253,120.6088715,122.2522049,137.8284302,146.1324463
-73.32088852,109.2343597,119.2120667,124.8435364,141.2779846,131.8562164
93.48709869,114.6251678,120.0461655,113.7773209,128.7736969,146.4400635
102.4719696,115.6812439,112.9828644,122.7759323,142.3482056,140.460434
109.7553101,122.2580109,119.5200348,125.9833984,135.2174377,143.1042023
109.9581375,113.3478851,121.7701416,126.53759,141.3452759,129.375061
111.952713,112.616806,119.1222305,130.0224915,139.1733856,138.306366
112.651825,124.7303619,111.8667755,129.8222198,127.7444305,144.3861237
99.0297089,129.2543182,114.4689255,124.3854523,136.819458,146.511734
107.7102737,112.2217255,122.205658,123.8776627,136.5201874,137.5699768
125.7217712,128.6010437,116.1827393,116.8037643,131.5315552,145.4475861
118.438736,126.6899261,117.6689758,122.5139389,135.5188751,132.7626495
121.6616058,117.8011246,117.8637543,124.7149734,128.7913971,145.1161652
117.6343536,115.8404846,121.9933014,120.1525421,123.3985672,132.0445251
112.3680801,134.9454803,110.9326401,121.9758453,135.3315582,139.6282501
111.8168869,132.0740509,120.763176,123.6068344,139.7404633,145.3149414
100.0009689,120.4941483,124.0127487,122.7435303,138.6641235,142.7246094
83.22982788,114.4214325,117.8130875,124.3586426,139.0012665,145.0334625
119.1546936,123.552002,119.3053284,122.6393967,131.9443512,132.87854
85.92827606,127.1865158,110.9947815,125.3987122,138.6804199,146.2285614
119.5592041,111.3744965,114.6924057,123.000412,134.2344666,138.7958527
116.5229645,85.87683105,118.3100891,124.8331375,144.2531586,140.2367859
116.9618225,113.138382,121.376236,121.7148514,144.8774261,129.9181366
101.6424637,118.8725891,111.6964569,122.0074692,134.170166,140.4134064
111.2934265,126.4141388,112.8488541,122.4184189,137.8917694,130.8735352
122.6185303,118.6505966,115.953598,119.5449524,142.8730164,135.419281
117.6157227,115.6215897,124.195076,126.6146927,138.7889709,146.2033539
105.7242279,130.0113068,115.0879517,127.2136383,140.5007782,141.7406921
107.3385162,115.2807541,114.2066956,125.4775543,133.6939392,134.1006317
79.3134613,128.1872559,120.5353394,117.3908157,135.2446136,140.9173279
113.048027,124.2458572,120.3506622,116.0187225,142.3916168,142.3752594
115.7001953,120.1211853,124.9464722,127.5516357,140.7819672,131.2974091
93.26067352,125.8388519,118.7104492,126.1597137,135.5114899,139.8390961
97.4189224,122.1876984,119.2526321,124.8820953,139.5807953,144.015686
116.2676239,102.1908722,125.0402527,121.9275513,137.5696106,140.7590179
115.1442413,127.9514084,113.783699,118.242424,142.5900269,130.385437
108.5838013,121.1310272,117.1147385,123.0588531,137.8714905,136.0020294
112.259079,114.0873108,108.1685104,119.1814041,131.4634094,139.4771271
117.2514038,127.1173248,120.514801,124.7229996,140.5814514,143.4697113
109.7324524,116.595871,119.105217,122.177597,138.7856445,130.6072235
102.5919266,128.2299805,111.8151932,128.3636627,135.7304535,143.5045929
116.3764191,120.0920105,119.8925171,112.6821899,139.3019562,144.3581848
112.9736786,116.7361298,115.852272,126.4651031,139.6471863,139.8881836
109.6268082,122.291893,123.6720734,122.464653,137.5130157,142.971283
115.8356781,116.2666702,116.6836243,123.4125519,136.3558807,146.2515259
114.9782867,125.4812164,119.301506,125.4339676,140.3376312,145.6495667
109.2771835,122.3458252,119.200119,121.0130692,128.8679657,144.0312958
113.7293701,113.2606125,123.2612381,123.8059769,141.1143188,144.0579224
123.2613525,123.8103485,120.4716034,125.5128632,135.4937897,131.0735168
117.7426605,122.4150314,114.7065964,131.8476563,135.8657837,135.759491
94.57467651,126.7032318,123.7433548,128.4381104,138.7810364,145.3371277
106.0869522,115.5426636,115.8855362,128.5085449,127.3729095,135.2390289
111.625473,124.8184967,121.9065857,122.0317535,128.3034515,138.3617554
118.1228485,120.7649384,122.8479691,114.4992523,134.3034973,131.4443054
108.239006,121.5668182,118.15905,124.8680801,140.9725342,143.3868408
116.5080109,127.9149628,112.6513596,126.0550842,129.3057098,146.8377838
113.8332138,127.674118,122.8244247,122.741478,140.6642151,144.5376282
117.8120575,126.3622284,121.8708344,115.2595367,128.7236481,145.3191223
116.4971313,109.6680984,116.993782,127.3254395,142.8243408,142.9813538
117.6931458,130.6122131,123.0636368,120.0834274,143.3403015,146.9061127
121.2746429,123.4344177,124.8252487,128.7022095,126.779892,142.4665375
120.7458954,127.5097809,112.3063049,68.97808075,142.7532196,142.6786957
110.2676849,116.7777252,119.0676498,120.9539642,138.8022766,131.1101227
122.9934845,129.8561707,114.8137665,125.0076141,130.2144775,144.0585175
112.0854645,112.8417969,120.878624,116.4645996,137.151825,141.3206635
118.8712311,114.2597504,124.5584869,122.8771362,131.6006622,142.4729462
114.6065826,118.5464096,116.1549683,127.2844467,142.0092926,138.2963715
116.8187256,114.9461365,118.8258514,125.3377075,139.8363953,145.8043518
124.3787079,115.7187805,121.5370178,121.2630157,141.5483246,138.7787476
108.0533447,122.9835052,122.1977539,122.7556152,137.5673828,140.9262695
116.8582306,113.386322,124.996521,116.5605087,131.4568176,148.2154083
120.9669495,123.2579727,124.3656693,117.6157303,141.2311859,145.4190216
88.43281555,123.9577408,119.3609848,117.8267899,143.3507385,144.1772766
115.9054871,129.7884521,116.1151505,123.5174942,141.4520874,131.0218201
97.4580688,107.7310715,123.3735733,119.9878693,140.4406891,144.9144135
115.5270538,117.4758453,118.6178818,122.4082413,129.6123505,148.0872955
109.6805878,130.2462463,117.6537323,125.2007675,140.54422,145.3180084
117.5833893,124.411911,121.8409882,122.2863007,143.1090851,132.5839386
116.4573212,123.7560196,116.0430374,126.2464371,144.7934265,145.4126282
116.1089478,120.4432526,121.4888916,121.1359711,137.4897003,139.5940552
119.6248932,127.9770203,116.0637207,124.9650955,136.2540436,142.0910492
102.7938843,128.3050842,118.0523148,123.6976547,128.7336731,133.9155121
115.7961731,124.346077,117.8596497,115.6234512,136.7345428,131.956192
115.9376526,132.2047272,110.4755249,124.408577,144.3707123,133.2532654
111.2288818,127.3673096,119.1258087,123.1084747,140.3710938,147.0459442
123.584198,125.2220306,124.7401276,124.4301147,-11.70101929,133.2834625
109.6252747,125.6815414,118.4902954,121.4996948,131.4604492,146.800705
121.539444,110.7498016,123.7675629,123.0785065,144.0801086,132.8453369
112.4858704,108.1702957,116.2376404,114.667366,137.6344299,142.6227722
111.3552017,114.4595566,120.9804688,124.1183472,129.0755768,131.294754
118.9725342,124.8810196,121.001236,109.5340195,134.944046,145.7214661
115.5302277,128.3385468,118.6119308,117.9497604,136.8699188,131.4780884
120.3714142,117.4918365,120.7423706,126.0349426,140.7098236,142.2584534
106.2242889,121.2605972,113.4508286,124.1231384,136.0477905,140.8718872
112.1873245,123.9483337,122.5033035,124.9675674,141.1124573,147.0293121
89.87193298,116.258316,122.9366837,128.4417877,137.2314758,138.8464508
114.2952423,112.7493362,121.1228714,123.9853973,129.4118805,129.8567963
112.6871414,111.4397125,122.3982925,128.7301025,141.3290558,144.0004883
120.756424,117.5558014,125.0826035,122.5722961,143.9931183,140.875351
104.3721161,120.4132614,124.6590118,127.5745316,126.8113403,131.6270599
113.2034607,117.3980331,119.6729965,126.5387268,133.7739868,144.0573425
105.1735611,125.2942047,112.0581512,127.9352341,142.9418793,137.2041473
115.5234985,108.1460648,120.8460464,124.9417114,140.4479218,144.4229736
114.2459564,114.6637802,126.1521988,124.7456512,143.7310486,139.1303711
110.6281586,118.6363525,113.9706268,124.0613861,144.3562469,138.9664459
123.0968628,133.1283112,119.4169464,128.4827118,141.9733276,143.3582153
121.2372284,129.7053833,123.5402527,123.8994293,140.244812,128.4399872
111.7594452,132.9889069,96.18009949,124.8134613,142.6405334,140.2488708
113.0532074,113.680069,126.0133743,124.2433929,141.1125488,142.7018585
106.300827,125.0352173,121.861084,121.4604492,142.8357391,145.1590576
120.2822723,131.4473572,115.9322281,125.3122635,132.9755707,130.770462
116.6577759,107.4574356,121.2393112,119.769722,138.0730591,130.536377
121.2549896,114.2271881,117.2645721,124.7556305,141.0158386,145.6358948
124.3469238,122.9501114,123.7978516,120.6658478,137.9906158,147.1351929
114.1786804,102.240242,115.4749527,123.6808167,142.7363281,131.161499
102.4070206,121.6970749,119.7973938,124.9958267,129.6663361,147.3743439
116.7015228,113.3730698,121.0271454,123.1021957,128.2213135,129.9832001
109.9021606,114.7368622,119.8146744,126.3819962,141.0936279,131.5813599
112.8076172,114.6077118,121.0448685,125.1363602,137.0657196,144.9124451
114.9432068,132.79776,124.6382141,120.9787445,142.4847565,132.5230103
104.814888,122.6005096,120.5547409,128.9454346,129.2718964,132.9174042
99.538353,126.3377838,114.4172974,116.983963,129.300415,131.2605438
111.8126755,134.6362915,115.7032471,115.5253906,140.5341339,143.2309723
101.6683197,121.5146713,123.7608566,118.4377365,136.8596802,139.7909088
102.7065277,115.6440659,117.0446472,118.319809,143.5950775,138.4342041
102.952034,96.33480835,123.2562103,124.1343765,139.6994629,145.3336029
96.9406128,120.2790604,113.4065857,125.0904846,144.3862152,133.7561646
108.0978088,117.4526749,121.7724609,126.052536,123.1875839,143.1503601
122.7919159,115.4428329,121.7907028,121.5301819,143.4545898,140.1006165
113.9257813,129.1925812,119.2677612,118.6043091,144.1571045,141.3888855
115.8248596,133.6828766,119.7138367,126.1199341,143.9253693,145.1187744
111.9953842,119.6392899,119.2492447,125.150238,144.2668304,132.6180573
115.1959229,120.4169769,120.5682678,126.6268768,142.1510773,146.908905
109.7459488,115.3267593,126.0618134,113.9296265,129.232605,137.6247864
117.6557312,124.6395035,111.0226898,124.3070755,129.8921814,146.1583862
111.4423447,128.9130707,118.4629822,126.1879807,126.2879944,146.3310242
122.7763977,124.3817215,123.0756226,127.771347,126.9646912,140.4929962
105.4839096,122.4451675,120.1393509,129.8438873,137.4985809,131.9750519
114.3443909,112.315361,117.0460358,116.2702942,139.1473999,146.4906006
122.6581726,132.628952,115.0796204,127.9249573,141.0864105,145.5987854
102.8492203,114.9220352,55.73885345,124.8187332,140.3972168,147.0762939
115.1434174,127.8261871,123.4905472,127.6305237,137.9555359,147.0382843
103.5299149,97.96057129,116.6953888,123.2030411,129.376358,131.2324219
110.6993942,119.2108231,111.4100266,123.0897141,142.318512,147.7812195
40.99840546,111.7571106,117.9298477,123.6577682,142.8647919,133.6351318
117.5618591,120.5188217,117.9249496,126.6780472,142.8204498,144.6344299
106.9415283,110.9756012,115.3080139,124.2944717,140.1730804,146.4634094
120.6829224,110.5499115,121.4682236,127.0511322,131.2289581,146.0340881
118.4711304,132.4397278,121.537796,106.9233704,140.8920288,132.1875763
111.3652725,128.9657593,122.3218765,132.0430145,143.753891,142.7534637
116.9524384,132.593811,114.2493744,125.8480148,143.1997223,137.8385315
98.1272812,125.4531784,107.9001465,125.2099609,140.6104584,131.979538
110.9160919,124.2989044,117.6817856,120.8903732,143.0148926,147.7759552
120.1402435,129.6526947,118.1656113,124.9687119,135.2901001,131.0037079
97.3803177,120.9831161,115.5355377,129.6118622,143.3800049,147.2409515
115.3935242,129.4469452,114.0705338,124.1073761,143.3504639,147.3690186
108.8627701,124.4240341,117.2606277,125.930336,144.6396637,131.8462372
110.8580856,125.3004761,119.1742554,117.0630646,130.0283203,141.3332062
118.8540649,115.6270676,123.5982208,121.2126465,130.0973053,146.1780701
-63.70606995,123.3986359,115.3125763,123.7049179,129.3677826,130.6691589
103.8196182,125.8870697,111.9937439,127.9411087,136.3837738,143.8068848
110.272934,122.4230728,108.0474396,124.8185959,128.7829895,132.9761505
123.8408203,111.781723,122.9035339,121.9457245,139.4536743,139.9534607
119.4946136,114.5834808,121.6915054,125.4067688,142.4304657,130.6686554
102.7406616,126.2383423,120.2560349,130.2519684,142.8251343,141.91745
104.6574707,119.6020126,119.6232834,124.1021881,129.452774,133.8097382
109.7429581,118.3676224,120.5340805,127.3883514,132.1428223,129.0990295
114.5151367,124.0706482,120.5232697,119.9329071,133.2400208,133.8839264
93.67345428,117.7590714,114.6226196,127.1856079,129.759201,131.2125092
113.9035187,110.5361404,123.3443375,127.3245621,129.328949,142.2525635
109.7191925,118.5203018,112.3106613,128.3926086,141.5581055,133.5737
110.2962875,128.4482422,111.5615158,117.4290848,129.0265656,140.4053192
110.7968216,115.865181,108.756012,128.1975861,144.087204,131.6785431
82.92779541,108.1613541,114.8193359,124.7797165,140.0863953,142.2813263
120.6469879,119.6894226,121.2499619,123.0479202,126.7989349,131.6473999
126.0198364,122.7971954,122.2448883,123.9846497,138.4383698,138.5401459
111.1866455,127.7539444,118.1502533,123.3209686,141.5213623,142.2051544
115.132843,118.2123337,119.796524,125.9182205,140.6821442,141.7804108
117.7518158,117.8638458,115.8986511,123.5765991,128.9990845,144.4854584
122.8655243,113.9091721,118.7615662,125.5306244,141.1699371,131.5944214
107.5972214,129.3031311,118.5020447,126.7814941,143.2600403,144.7727966
110.9737244,130.2485962,117.7632599,122.299675,132.5778656,132.4220123
117.2642059,117.3429108,117.5968857,126.0901413,139.5966187,144.5339966
102.2507019,106.8724289,123.6884155,122.2306671,140.8174286,145.4569244
105.8512115,121.6427383,112.4310532,125.7329559,142.7604828,131.6997223
104.487999,125.7895737,120.6002884,127.1988907,143.8726807,144.6215057
117.3621674,111.2170944,112.1785812,128.2137756,141.2342834,142.0984192
116.6064301,127.7058487,118.2875366,120.6681137,141.4399414,137.7342072
115.0429993,105.3968887,123.9755249,126.1788712,126.1056824,131.8936157
108.7617264,126.6725311,118.7188187,121.7288437,143.8861084,146.2138519
116.9119568,122.6274261,119.1415176,123.0249252,138.1417084,129.8611145
113.2687149,108.7897186,129.9852448,128.9847412,140.6255951,136.8035126
113.7363815,108.3925781,125.8628845,126.9241943,129.1829681,142.2371979
99.5708008,125.7589417,119.9913712,117.9723816,141.785614,146.3630981
117.928421,121.9953918,122.2657089,113.2972946,144.5357819,143.6986542
119.6308899,128.8760071,122.9939651,128.7037201,136.8310852,139.0363159
119.6671143,128.2533569,121.9035034,118.6107864,133.3602448,130.5046692
99.3301086,116.9885864,123.2298203,118.5572662,138.1506042,132.9268494
122.6374054,110.081192,117.4684143,127.1350555,140.056427,145.7558441
105.5389328,111.057785,114.4196854,123.4245911,130.8171844,145.1470184
-156.0587921,128.7843475,126.841217,121.389267,143.6491089,130.8085938
115.2218933,123.821434,118.5783539,127.8810043,142.811676,139.1681519
108.3715363,109.8285522,116.6483688,122.636467,134.5715637,143.5040894
123.1210327,116.1342316,126.8577423,129.0570068,139.2801208,144.136673
111.7394028,113.3107376,126.2060547,129.2759247,143.6002808,140.8016968
118.5153809,131.1853638,124.9251404,125.0616989,144.8166962,141.1212158
97.1793518,128.2363892,114.0784302,126.3585892,142.4588165,131.4355164
117.210022,108.5968552,114.5311966,126.6910782,141.088913,142.1730804
113.9829941,127.9816513,122.5519333,127.5975494,130.1451721,129.4982452
102.3056488,118.1664505,122.9805679,127.8069992,126.7176666,143.1711426
118.5395508,132.5591125,117.0316391,128.5363159,141.226059,144.5061188
114.2631378,112.1016617,118.7394791,128.03125,128.483429,147.0925598
121.7910919,109.7348938,111.4154663,132.2015381,129.9526062,142.5770569
111.7727432,104.570694,119.6485901,118.7022247,142.6914978,143.7635651
122.8506775,121.7184525,118.0832977,125.0290756,129.8535156,141.4706268
116.3206482,112.379364,119.3174133,127.4614334,129.7741241,131.372757
120.5197449,120.1911469,114.156395,126.0759506,130.4116058,145.9999237
112.1871948,128.9938812,124.2393417,129.1238403,128.5878143,143.6281281
111.9919968,117.8471146,119.7075195,121.3978958,143.1048737,143.7628174
100.0676422,124.1280289,121.7255707,126.8119125,138.1554565,138.6047363
104.1609421,125.0063248,119.2580643,126.3907089,127.2095337,140.0843506
110.703064,118.6137619,119.4534149,121.673378,141.5909119,129.3639832
109.9204025,109.9967651,122.6064606,126.1479797,129.3870392,146.5097504
110.5219116,111.1783218,118.6217651,124.8247986,144.5489197,140.4127502
105.413063,124.3300705,124.1713715,119.4449387,129.2420349,143.4739838
123.2136536,118.7238159,118.4076538,121.3426743,129.4542999,131.9380341
110.9184113,121.3069763,119.8743134,122.8589249,142.6695709,147.1779633
101.2630386,129.1036682,121.5754089,127.0055923,128.1890106,131.9365845
-72.32345963,113.5899734,121.4740677,126.9344101,137.0563965,139.1528015
119.8934937,114.4755096,117.897789,127.8195038,140.5735168,145.189743
109.6140137,130.3568115,117.8490982,122.986618,130.8590851,145.224823
110.3594589,107.6323776,116.9542236,122.8388901,126.5242004,142.9456635
110.4199753,123.9073105,116.6180267,120.7612076,129.6682892,144.4336395
115.6083069,124.6964645,119.2303162,123.7622681,139.1329193,140.1162415
105.1628113,118.8808365,119.8993607,123.5150757,132.0949249,145.8654938
118.7701111,122.3456116,125.4867859,126.416832,141.8221741,130.5623169
117.2337189,127.3514633,107.0116196,121.4704742,128.4411011,147.5640411
121.2351532,112.6875839,120.5006409,122.7748795,138.4346466,147.2663879
116.2975464,118.3945618,122.1957321,125.388443,142.7983093,146.100708
113.9814682,118.8338928,122.4807587,127.6736221,129.6470337,144.6515503
120.8990784,115.2427979,122.2601852,124.0725403,131.0314941,131.218338
118.0987549,117.7882538,124.3141937,121.7711105,130.3868256,141.4035797
107.4059296,113.1359711,120.1869659,129.4263916,144.526413,136.120636
122.8974762,127.8523102,123.1156998,127.4295883,141.0633545,143.5221863
111.1145248,110.0550308,103.436142,119.7541122,141.9324646,144.0767517
104.1330261,116.3839111,123.1943741,123.8170242,142.4078674,143.6478577
125.9159546,127.2385101,118.2728043,123.0070953,128.8066101,132.2833405
115.4725952,124.6870193,120.5154343,122.5383377,142.4611206,144.2224731
118.0669098,120.0390854,118.7239075,110.8259811,143.0970917,132.0323639
125.6257324,112.4588699,118.2539597,127.1138916,145.1596069,144.2874146
112.9086609,120.0884323,121.1553955,126.7792969,129.7463684,135.8166809
113.940033,128.4906464,121.8945389,118.3251114,129.4292297,147.1622314
113.719101,123.8404846,117.7999344,123.1866837,139.4225006,146.0565338
122.5778656,124.4005127,124.9436951,114.1259537,129.4113159,131.9476471
101.4694672,104.0833664,122.2882462,127.7274246,139.6764832,145.5452423
117.9221039,124.7059097,120.6387177,124.3519211,137.4601898,131.7718048
107.3274612,117.0084839,121.3064728,127.4698029,129.9365234,138.4373474
116.3747101,126.3037338,120.7453384,130.7498932,130.2832184,146.2683105
122.1838684,117.9578171,114.1914291,123.6950912,129.6435089,145.7949982
111.9196091,117.7476349,122.0915451,113.9267273,134.2137146,138.2140961
115.4829102,113.5010147,114.4990616,125.5154419,142.8052826,142.1946259
112.250206,131.3297119,101.0800858,124.4643478,140.9074554,144.1441193
101.152359,128.2844238,115.4071808,126.0225983,130.0245972,144.5982971
105.5535278,124.5801392,119.6176987,125.8930283,126.8990936,133.4155273
124.8401337,125.4883957,119.878624,120.6333847,130.6662292,132.8750916
121.4960785,125.1396484,122.8605194,121.6082993,139.4154816,131.6425018
121.4951324,124.0131302,126.564064,126.4680023,141.9183807,146.940979
107.5385437,123.7507324,115.5947037,114.5518646,141.5881958,147.8644409
123.1930237,126.2672653,126.6867905,119.682045,128.7705536,144.958786
117.3030243,128.0194397,122.0623398,128.3647766,142.5820007,140.9925385
109.1021347,123.5233383,117.9189682,124.0946579,130.7286224,134.6983948
124.453476,109.4321518,119.7896194,118.4570847,142.9936066,146.0219269
107.5682678,116.7021637,117.203804,124.3750305,138.9091187,145.2647705
115.9094238,111.6854401,124.856987,127.9690933,138.9205627,146.0036774
111.2956619,116.3816071,116.5062408,124.5421982,127.4399109,146.2187042
111.899025,127.6970139,116.6425781,126.6791992,128.8572998,132.891098
97.8617172,126.1032562,118.7383728,127.0034561,137.5410919,133.5480042
98.1736679,116.343483,120.3547745,117.2533646,130.2503662,144.2818909
103.258812,116.9841003,126.3456421,129.1367035,144.7371063,132.9004974
120.745224,128.4208832,123.5453262,125.0890961,129.2426605,137.3717194
122.6233215,124.5718002,121.3059082,118.3939819,130.3751526,133.9231567
105.1663437,122.8658371,119.2325363,121.9199142,142.3834991,133.8738098
117.7791748,122.4422607,113.918541,119.1274872,129.1722565,141.525238
112.5619736,119.017952,117.0510559,126.6225204,144.1602936,142.2865601
116.1964874,122.7342453,124.1771011,124.6927185,130.2429199,132.1274567
113.0450974,118.6078339,124.1206436,129.0466614,129.3391571,144.6427765
109.7367783,119.3618088,119.4112167,121.3126907,143.037384,132.0621033
115.4602661,127.7725372,116.9098053,124.8963089,127.2319031,140.6338501
108.6918335,133.8884277,120.3052216,123.7070465,141.2037354,136.1440887
103.5358963,128.3608398,110.4031906,124.0543823,140.9098358,130.1669312
114.2832947,124.3247223,124.2359467,123.4331818,130.0632324,144.6951294
106.4600677,123.0051575,118.0693283,128.666748,130.1871948,145.355484
108.388298,121.7443085,125.6704788,127.6108856,143.1150513,146.769043
99.9459305,120.6569443,121.896347,119.6062393,128.4845123,146.8606262
101.0330658,132.9898071,121.1818542,125.45961,120.3107529,145.7870483
119.5108643,118.6463013,120.9788437,125.8205566,144.657135,133.0895386
122.6559296,107.0996246,117.1416626,123.1752777,142.7604218,145.4354401
119.6378937,119.7780151,120.5254822,124.2646942,130.2333374,134.8860626
105.6092682,119.9990845,119.881485,125.1306839,142.1716003,134.1120453
95.67498779,118.9204559,111.3006668,119.0744019,142.489502,134.4613495
118.944458,117.8783417,125.1930008,123.4432831,127.8504639,138.7671509
117.648819,124.1637726,120.7042847,124.8344116,127.60112,141.2662659
118.9631958,128.3759308,126.0335464,124.4463348,139.419342,143.7805939
114.2778625,132.417984,118.4209595,123.248024,129.0492706,147.5940399
126.9990692,125.5198212,120.6194611,125.242691,128.9277039,147.0701752
107.5234146,131.9389801,116.7132874,129.0866699,143.6629639,140.4463959
119.7518005,114.3402786,112.3819809,129.1169434,129.575119,147.5515747
112.9340134,123.7674637,121.5961685,124.506691,143.2145691,139.7186737
121.60466,122.9172897,121.2129364,123.2714996,136.6524811,140.3447876
114.2718048,116.974205,125.2573929,128.3443909,127.4331818,145.2257538
112.521843,119.3060684,118.6890945,124.7698364,129.3259277,146.6896515
118.2488861,110.7141571,122.2264328,128.2389832,129.9258575,142.6446381
119.0732422,112.2817459,122.7494583,117.9135284,143.8801575,140.9872894
112.3337479,123.3086166,121.8603973,124.4595871,140.5565033,138.07164
117.5816803,127.7477798,120.2651215,124.1079712,130.4628143,137.6016541
104.6212921,123.8323746,118.7898102,122.7422409,138.4820404,139.2651672
108.9237823,118.8703003,117.9900208,129.9874573,143.5979156,131.1940002
116.1376953,116.7245407,126.8813629,121.585434,129.5600586,132.5094604
114.1359558,122.2736359,120.4025269,123.5775986,142.9608002,144.4450531
117.7826843,116.8498993,118.5636215,124.3088379,127.6999664,145.4849854
114.5421906,123.3006897,124.6715469,118.7662506,136.4697113,144.7366791
113.0930176,127.775444,108.1511917,123.1822357,143.494751,147.559967
120.6319427,113.572403,115.0450363,125.1886826,129.7732239,132.1316223
122.5131836,115.4432907,119.5407333,124.8605042,142.0056915,132.0330658
106.4077454,132.6579742,119.421814,125.7850647,128.8347778,139.6169128
115.8497314,111.9641342,124.545105,124.2338791,129.8335571,130.8162994
132.6325836,126.1728973,122.4419861,123.5272598,129.7149658,140.9569244
118.1446228,121.7654343,114.550972,129.8169098,130.2623444,146.5663147
108.0893021,124.2950287,117.9438324,128.4955292,143.6959534,141.9943695
122.259491,123.958168,126.7286987,113.2558212,124.2935028,147.481781
109.0838242,131.4324188,121.3199844,119.4235001,141.394165,144.5760345
115.6751404,128.3205566,119.1708832,128.1164856,129.9502106,145.1042633
112.2116089,126.2559814,123.7581024,125.3565903,143.4055786,132.9463043
105.4453888,116.893898,119.2153168,122.6174545,142.542038,142.641037
117.6403198,120.9786987,115.9944229,125.5576553,128.6038208,133.7646484
114.9605103,121.1473923,122.5145569,128.798111,144.7587128,144.0054321
121.1291962,124.3025436,124.0815353,113.9032135,130.2543488,144.8948822
116.9806213,116.4978256,126.1133041,121.4004898,130.3743134,144.2303925
116.9411469,132.6228943,120.6751099,114.1851654,140.0260773,147.6739655
127.4450073,126.1099625,126.6691132,128.1039734,130.1583099,146.326355
110.4951477,120.2090378,121.396019,124.0963211,130.6968079,147.0536652
116.2062378,126.7039185,124.8566818,124.4674454,143.8686981,131.7565308
118.230011,113.5115051,122.0279007,129.0082855,128.6847076,146.1938019
120.2228088,121.116127,125.9756622,125.8844223,128.5277405,144.5891876
119.9875336,121.0890198,122.6584473,126.1957169,142.4609222,145.3327332
119.9837189,123.8242416,119.400528,124.2639771,130.4373474,132.6970978
116.0557251,124.9519653,114.622345,116.5289993,142.2713928,130.7332916
129.1208649,133.9773865,121.6923981,120.6573029,129.605545,148.1590271
109.4662704,114.185318,118.6835175,110.3650818,144.4404449,147.7072906
118.5343781,131.9920197,111.4981308,122.981987,144.236145,147.267395
110.9697037,124.6462173,121.2281418,128.7011108,130.4567108,136.246994
116.6186218,111.6079636,118.9520187,118.2685394,141.6006317,146.5048523
111.5577698,130.7502289,113.9118576,130.3140717,129.7855072,132.862442
116.6727448,128.9081116,122.4062347,126.9549408,136.135437,132.9934998
121.8269043,127.1614227,123.597084,121.7351761,127.8915558,131.4090576
122.5290833,128.6764526,123.1158371,132.369751,142.7052612,142.7635651
114.4004822,122.8613358,125.5025635,132.1096649,129.5756226,143.6749115
117.691864,126.3997192,123.374649,124.9473953,144.4668884,144.2324371
113.7848129,122.3227768,127.1123199,121.9899216,130.4821777,140.368576
127.6727753,128.1717987,96.17818451,127.8513184,128.779007,133.1035461
115.1159821,121.5044479,127.126503,127.1446304,135.2117462,140.7104187
117.5007019,116.3184509,121.0098114,111.0991669,128.9003143,144.6775513
118.4289856,124.8057556,122.1188278,123.7722321,130.0382233,131.7052155
89.15531158,116.5545654,126.2791748,122.7290497,143.6558228,130.201416
110.3154144,123.1466064,118.4288254,120.0032196,127.1206818,146.433197
123.7507019,128.3101196,100.506546,125.897583,130.3265533,140.0709381
119.4020996,112.3229446,125.6552505,129.7746429,131.0462952,132.1611938
127.1958466,126.7652664,121.7520142,126.3494339,142.3496857,144.9766541
119.5584717,121.8220978,124.140419,124.7911987,141.2343292,146.8209534
106.1920853,121.6920929,123.7714539,121.7243195,142.129425,145.8363037
114.0483704,124.0163345,122.2666779,114.5398026,140.8394318,133.1793518
118.5984955,110.6552582,126.7170944,117.7729187,129.9100342,134.3017426
116.9291382,121.9267426,120.3098297,123.215477,135.9569244,131.945343
119.991272,115.5484543,119.6081314,119.5067215,137.7029724,142.7134399
117.2269897,133.1825409,119.6912308,125.0902405,138.0054474,134.0069885
111.0749588,130.043396,123.9592514,124.6274185,138.2849274,145.4576721
107.3341446,122.4206161,116.2778091,125.2677689,141.3865051,134.0411377
118.0481567,122.3976059,109.6342163,120.0607605,143.3070068,144.3129883
105.6109314,129.2180328,123.0546417,128.3200989,144.6900482,144.5820465
124.5198517,116.0116272,117.9753647,114.5717773,134.354126,132.9340973
107.8977661,130.9699402,125.3957062,116.3929825,143.430542,131.3464508
93.59893036,125.8235931,123.7315292,117.483696,143.2740631,147.869812
119.0830841,117.6760101,123.532692,124.1496048,144.5614014,138.5294952
99.6235504,115.4844589,122.2947083,124.7643814,127.3675842,132.5561981
111.7657547,119.5576706,120.1459274,124.2195358,141.3344879,132.6692657
108.5786285,124.041954,119.0479431,108.867012,126.2926788,146.6439514
119.5389252,125.7753677,122.504837,123.6847687,143.6716461,141.4824371
122.602478,119.8935394,118.2169342,123.9038239,128.4114685,147.5631714
119.5860596,123.4251099,123.6165237,128.2417755,130.4632721,133.6445007
112.1553116,133.990448,120.618309,129.1558838,143.8516388,143.214798
106.6174316,117.4702682,126.3042603,127.0408401,144.1953888,146.8578491
115.2910919,120.2468796,118.5083847,125.024826,129.5487976,131.5907898
114.6787109,128.5792236,114.7575912,116.4266281,129.6263733,141.8570709
118.6331177,120.8003464,125.6673889,122.9717102,139.1160736,145.224884
113.5928802,133.2702484,121.9955215,124.7635574,144.6976776,133.570755
110.201767,114.4133072,123.2399445,126.8549728,137.8545685,133.3601379
110.8210754,111.9334946,121.6882782,125.782814,130.419754,146.6133423
112.1881866,115.7431946,111.0327301,128.3888702,130.1254578,130.1663666
101.7689362,103.8684845,123.9622955,122.8845291,144.095047,146.1272736
120.5727997,116.5955963,118.6442108,127.7166443,144.5834045,144.9165192
114.4271088,129.0081024,117.7425842,126.0534058,130.5024872,147.3809662
116.0892639,130.3139648,124.019928,124.8494034,130.0036774,139.3264923
110.9286804,115.9094543,119.5173416,122.2215652,143.9208832,145.543808
95.54558563,116.3120422,118.4207382,128.5657196,129.0673981,132.3069458
121.7636871,125.0135422,119.3020401,127.0112381,130.4090118,133.5905762
113.8847656,131.3055725,122.5055695,130.7661591,142.3567657,133.3179321
116.4787598,125.2849655,118.5803833,127.021286,129.4653015,145.3023682
112.5226974,117.376091,120.8154449,124.3117218,138.234726,131.3619537
118.2788391,133.8157654,127.1712723,130.9350586,129.1225739,129.4103851
125.5764008,116.6370621,122.9145203,125.1840973,130.0830383,139.7840576
127.6053619,126.5214539,122.2080154,128.3259583,140.3131409,145.4102325
115.6563568,128.5276947,116.7768097,128.1485291,143.4253082,143.5884094
113.054924,128.2228851,104.6748123,119.6182785,128.479538,143.6016693
116.2072754,127.9286728,126.0636826,126.1635132,131.787262,146.7289124
108.5821991,120.7587814,121.8754654,124.13237,137.3615723,139.9198456
122.122818,113.4728241,122.4468689,120.7599487,139.7472839,142.2453766
120.4871674,128.3134003,124.614769,109.7276764,142.8915558,146.1589661
122.0532684,123.3037872,122.3787613,127.9700394,142.0661011,134.9259186
118.5592041,117.3774643,120.7578049,122.0639725,143.9732971,145.5644684
116.0953064,98.16790009,121.4542465,124.3769836,143.8717651,132.0229492
122.8740997,130.0715485,124.3200836,121.9279251,142.4616241,146.2932892
120.3155975,132.4915466,124.3362045,116.8770828,139.7251434,134.3493958
120.7968292,125.1042252,124.0574341,124.5288239,142.2174072,139.3593903
115.7022552,121.3147125,125.6599655,128.4590149,140.4726105,139.0196228
120.5270233,120.5074768,125.5922089,124.8387146,128.5826416,146.1749573
119.1350555,119.5732727,122.3537979,118.1394196,142.5178833,147.1704407
118.3633118,132.0137634,124.3170853,118.1011505,142.7394257,132.8126221
116.9783936,100.6394882,122.3010483,127.5775528,138.3495178,133.0221405
123.6491547,107.2694206,120.762146,127.616066,144.3450165,135.3681641
105.372551,122.8974075,123.4738617,127.9243164,144.1381989,147.679306
111.2546234,125.5823441,120.1797943,128.3743591,129.7586365,131.6169128
99.2342377,128.4067078,125.6847305,128.1920319,129.6466064,136.4559937
105.5615082,124.6167374,121.4364624,128.7685089,130.5916748,146.2513885
122.0498505,121.7216797,117.0937805,125.23349,127.9043121,147.4773712
105.2638931,113.6242142,121.1404266,117.605751,125.3699493,143.3072968
118.1424408,128.2161102,119.7923737,119.781044,143.016037,143.8105469
119.3602753,122.1880646,119.2310486,129.1946564,143.3645477,145.7516327
123.5303802,111.440155,117.2675323,128.9071655,130.1839142,132.2809906
122.9971008,126.5220337,118.3870239,129.0483704,144.9768066,145.8762817
106.7976074,111.5720825,123.5798721,126.3977509,130.5719147,145.33992
119.3942719,119.9468002,117.3720627,123.9514465,143.4428406,131.4372101
107.5548782,126.4613724,122.2339554,123.2016983,143.3677521,135.9451447
109.1943359,121.1000214,116.5193939,123.8452682,129.2586365,145.0884247
117.8733215,121.9969025,122.1574402,126.7295227,143.7102051,140.1487122
108.0973969,121.0383072,119.5967712,124.5759888,136.5054626,143.0263824
114.6150513,125.493309,125.4582291,120.135376,143.6635284,148.2460327
117.4003601,117.6373672,124.1611023,121.9578552,125.9848175,139.7524414
119.7906494,120.0445175,123.7281952,123.9017944,141.5906982,139.9178925
114.5120087,119.7295761,126.0304718,124.7720413,141.8031616,136.1665344
114.8792725,128.5997162,125.1860199,124.2862244,144.7649536,142.7550964
117.2776489,123.4810486,125.9539719,129.8247375,141.2275696,137.752655
115.0598297,119.2623978,119.1960449,129.8220978,129.5182343,144.858078
119.0911865,128.5387115,125.7477951,124.7689285,141.4785309,140.9466705
112.8855591,122.0017395,120.4942169,121.103241,128.868042,146.0834198
116.9936066,123.2313538,117.6114273,120.510643,141.723175,133.0755768
125.4916534,133.0602264,117.8077393,120.9684677,130.8952637,139.7618408
110.2652435,122.7906418,122.5969925,111.6834335,143.0933075,142.1749725
100.5341339,126.8837585,123.4469833,122.0019989,129.6941681,146.5245667
116.649826,118.0394745,123.8625031,126.3889084,139.6298676,146.1143799
117.8484955,120.6926575,120.4742279,127.3918228,143.0227966,147.7314148
117.8403473,127.939537,127.2942429,127.0215149,143.9742584,145.6840515
115.0828705,112.9901428,117.7953186,121.3018494,129.8896179,132.6797791
119.9027557,126.8600616,126.1822815,109.0810318,143.8122559,143.0230713
110.9459763,117.2157135,113.5807877,127.731636,141.939682,147.0468445
117.2196655,126.6378403,123.6997147,117.497879,144.4546814,135.152832
117.4347229,104.5725632,122.2310867,117.4237442,129.8539581,133.1803894
119.2992554,125.099968,125.4284363,127.5549545,128.9499359,137.4064636
101.2658005,116.2528229,102.2538986,121.1693497,142.7359772,131.0964661
115.3483276,119.9364166,128.533783,127.9256439,127.866333,131.8830414
118.1073303,128.1675568,122.0057449,124.6412811,140.2592926,146.4251556
109.7179184,121.270813,122.5067291,130.2584534,141.17099,144.3118134
117.6800537,124.8700256,122.0486679,122.0161896,129.069809,129.9014435
117.6784668,124.3150024,125.1325836,124.4757843,144.2969055,147.3997498
129.4817657,119.8851471,110.213623,127.6431961,142.5824127,143.1754303
118.2192993,120.8665466,125.5536118,123.1022415,129.7861786,134.2575378
117.365448,118.9569931,116.6825943,126.1981812,140.3460083,143.6613159
115.3616333,129.3144989,117.4544449,126.0229797,128.6973572,144.8291321
113.5650635,127.6085739,123.5798569,127.1029053,142.4470367,145.656723
120.8646698,115.2685165,117.3868408,125.6657486,130.2593689,143.6968079
116.2801361,110.9737549,122.1284637,120.0146103,144.7123718,143.5098419
108.4208832,127.4335251,120.1275253,120.5309448,142.0899811,131.3857117
110.0075912,127.3908234,119.6564713,126.2391357,129.5114899,143.9085693
112.1326828,114.7356873,122.7778015,117.4083939,136.2503815,132.4729309
118.8200073,122.0462723,122.3328247,128.4326935,140.5969696,133.348114
117.200882,115.8553238,120.7875748,123.9381943,142.1050873,133.5336456
117.2080994,120.8412933,123.532608,126.2851563,140.62117,133.5111237
95.1541748,116.4477768,122.4862747,123.6546402,139.1965485,132.4726715
105.113327,116.8725815,118.5262756,127.8207855,142.6938629,147.54245
121.9541168,119.2782593,122.5807343,129.0664673,141.838028,134.289032
111.1398163,101.5598373,123.5541992,124.8760529,142.7779694,147.7317352
88.80511475,128.7769318,122.1600723,115.0109406,143.4476318,145.8729553
124.3612671,130.1083679,121.122551,121.9523087,141.7376251,147.1049957
106.5074387,117.7282944,123.453476,127.7832108,143.5894623,142.1176453
118.5779114,108.754097,122.17202,131.9912415,141.7361755,146.5734558
119.6949005,121.4822998,120.6459122,123.5313034,137.0061035,145.9859314
108.0650864,117.9130325,123.2958908,129.208786,144.2990875,147.9912415
118.2274475,110.8640747,121.8307724,126.7679596,129.3326263,132.6470642
107.0516968,130.1762695,125.0523453,122.9198456,130.7137451,147.3886108
119.3137207,125.402153,111.8560867,127.2316437,130.119751,143.0029144
112.1626892,128.372879,111.76194,127.5855331,128.833786,133.2106171
114.0688629,118.2259598,122.3497238,128.6974487,142.2397461,133.6702271
110.368721,122.6957397,126.8826218,120.8966827,142.0983887,133.7599487
101.5147476,103.7765808,121.0746231,124.7582321,140.4627075,130.9623108
109.1079178,126.4952011,124.7300262,126.9392014,144.0438843,139.2841644
114.5090027,112.809227,123.8020554,124.3502502,130.0093994,147.2266846
117.6887817,102.1171799,123.0727997,122.9832764,141.26297,132.453476
101.5714417,123.8197784,122.7575455,121.6153336,141.4115448,147.0669861
119.7349243,117.5166855,123.9455566,128.6944427,137.7038727,143.7412567
116.6000671,113.4125671,117.4754257,130.3132477,144.5795288,144.7785797
103.3240585,121.706604,124.8884735,126.0717087,129.8322296,145.6177826
118.7848053,125.0932159,122.32164,126.2405701,140.7146149,148.8285065
121.0718079,126.3482361,121.6182632,126.6007843,129.1473541,133.5687408
104.9492798,115.7953568,123.5614243,126.6783981,142.7180023,141.2370453
124.737854,111.4825821,123.8728104,115.3899765,142.872879,145.6981812
124.7989502,106.4156113,118.8448257,120.6554718,131.9941406,145.8334045
109.8217316,116.6064301,118.8310089,125.6217117,143.4168243,147.842865
112.7780151,116.755455,108.512558,125.2328339,135.4592438,133.1894684
116.5190582,130.5731964,122.9622498,120.3130493,144.3897095,145.8700867
117.9437256,107.7546921,125.9799728,126.2713928,143.1476593,147.2265625
116.378418,113.1353455,126.590683,125.432312,135.486618,140.4308319
124.7657471,123.7089233,122.8101807,128.2176819,133.8732452,131.4940033
116.7257233,97.24238586,124.7155304,121.9681778,128.1640472,131.8581696
122.9799805,118.0724716,126.8231735,127.652359,142.3907166,142.7654419
114.4888153,122.8092499,122.4849091,129.6641998,141.9127197,135.0161285
117.6254272,122.598671,122.6684189,129.2688446,129.7420349,141.797821
116.0821228,115.4497604,125.8192978,113.2733765,139.0106964,142.3411865
123.4174957,100.2546921,123.4813309,122.6450119,128.7927856,145.026413
116.7967987,126.4705429,119.3192902,121.039505,140.5619202,134.3853607
119.4658051,129.0656128,123.0213394,129.4898987,130.9623108,131.3049316
125.3325195,122.9911728,124.9796753,126.3353119,138.328537,128.8458099
124.3785095,132.172226,124.1383743,124.1827316,130.4272003,146.6530609
112.2398834,117.6719437,121.8889236,125.2236023,128.2553864,131.946991
105.5579605,114.5997543,121.6919708,120.0729828,127.9201813,131.6355743
118.5813599,132.3091888,122.5379333,127.3428879,141.944046,130.7692261
111.7621078,115.3683167,115.3904572,117.5566483,140.5493469,140.0010071
