six fx,six fy,six fz,six tx,six ty,six tz,dual fx,dual fy,dual fz,dual tx,dual ty,dual tz,,
-0.055599999,0.049899999,-0.463499993,-0.33129999,0.117299996,0.042399999,0.0273,0.287099987,-1.820799947,-0.056899998,0.0241,0.0042,,0.0042
-0.0287,-0.192599997,-0.059799999,0.094999999,0.084899999,0.0186,-0.202700004,-0.750400007,0.174099997,1.995200038,-0.551400006,-0.084399998,,0.084399998
-0.0244,-0.288899988,-0.282599986,0.298599988,-0.0669,0.0057,-0.334399998,-1.228999972,0.351900011,2.58769989,-0.673900008,-0.104900002,,0.104900002
-0.071800001,0.201299995,-2.166199923,-0.386700004,0.149700001,0.034400001,-0.243100002,-0.935500026,-1.51970005,2.436700106,-0.829599977,-0.093599997,,0.093599997
-0.317799985,-0.216900006,1.103099942,0.116300002,-0.912299991,0.044199999,-0.596800029,-0.328599989,-2.442300081,0.958299994,-1.699800014,-0.095100001,,0.095100001
-0.200100005,-0.126200005,1.135699987,0.161500007,-0.755500019,0.0425,0.098099999,0.386900008,-0.887899995,-0.331400007,-0.082699999,0.0294,,0.0294
-0.148100004,-0.079099998,-1.916000009,0.50849998,-0.652800024,0.228799999,-0.31220001,0.615400016,-4.004899979,-1.288100004,-0.345400006,0.055500001,,0.055500001
-0.210800007,-0.084799998,-0.1866,0.564899981,-0.580900013,0.0173,-0.0218,-0.277999997,0.376700014,0.621299982,-0.162900001,-0.0414,,0.0414
-0.391799986,0.574800014,-0.967700005,-1.286200047,-1.086899996,0.053800002,-0.164700001,-0.280099988,-0.266099989,0.772300005,-0.348800004,-0.0436,,0.0436
-0.712400019,0.148300007,-0.555199981,-0.559700012,-1.775300026,-0.052000001,-0.879000008,-0.600099981,-3.023400068,1.410599947,-1.864599943,-0.267199993,,0.267199993
-0.659699976,-0.114,-0.385199994,0.0117,-1.85010004,-0.063600004,-0.193399996,-0.395399988,0.325800002,1.077700019,-0.547500014,-0.059700001,,0.059700001
-0.702499986,-0.210500002,-0.099399999,0.603999972,-2.242899895,-0.081299998,-0.1109,0.0005,-1.199100018,-0.096799999,0.170100003,0.0067,,0.0067
-0.81309998,-0.204300001,-2.708899975,0.479799986,-2.592499971,-0.112899996,-0.067900002,0.0087,-2.217900038,0.122599997,-0.071099997,-0.0066,,0.0066
-1.414700031,0.479499996,-4.987500191,-0.528100014,-4.309299946,-0.198899999,-0.318599999,0.222399995,-2.555799961,-0.2368,-0.635699987,0.0096,,0.0096
-0.114200003,0.154300004,1.008599997,-0.447299987,-0.281199992,0.023600001,-0.2104,0.506900012,-2.256200075,-0.802100003,-0.432000011,0.016100001,,0.016100001
-0.050799999,0.028899999,0.959599972,-0.850899994,0.111000001,0.020400001,0.0137,0.544399977,0.0013,-1.307899952,-0.117200002,0.074100003,,0.074100003
0.050900001,-0.039700001,0.967000008,-0.502200007,0.127700001,0.0145,0.059500001,0.546000004,-0.218400002,-1.202600002,0.0244,0.066,,0.066
-0.068499997,0.045000002,-0.363299996,-0.630800009,-0.1822,0.0251,-0.215100005,0.33070001,-3.598099947,-1.128299952,-0.589699984,0.095899999,,0.095899999
0.158299997,0.268000007,-1.042099953,-0.538500011,0.057599999,0.043099999,0.086999997,0.36590001,-1.312000036,-0.698700011,-0.228699997,0.059599999,,0.059599999
0.252900004,0.515699983,-0.947099984,-1.02760005,0.193700001,0.067000002,-0.036499999,0.537800014,-2.205499887,-1.377799988,-0.203700006,0.122500002,,0.122500002
0.094899997,0.227500007,-1.959699988,-1.497799993,0.0229,0.0579,0.023499999,0.125499994,-1.082499981,-0.032400001,-0.453399986,0.062399998,,0.062399998
-0.733699977,-0.272300005,0.352100015,-0.189400002,-2.08010006,-0.0735,0.0458,0.505500019,-1.923200011,-0.971899986,-0.364899993,0.104599997,,0.104599997
-0.746800005,0.0601,0.293300003,-0.373699993,-2.155200005,-0.051899999,-0.123800002,0.199100003,-1.970999956,-0.546199977,-0.703100026,0.076300003,,0.076300003
-0.925999999,-0.083899997,-6.195799828,-0.817600012,-2.421099901,-0.246700004,-0.080399998,0.791299999,-2.678800106,-1.649999976,-0.638000011,0.161899999,,0.161899999
-0.386599988,-0.183200002,-3.612499952,0.221100003,-1.516899943,0.0493,0.1215,1.627099991,-1.927899957,-3.579600096,-0.168400005,0.151899993,,0.151899993
-0.089699998,-0.55400002,-5.598899841,0.619599998,-0.498299986,-0.077500001,-0.033,0.858699977,0.0691,-1.951599956,-0.216499999,0.100699998,,0.100699998
0.145600006,-0.513100028,-3.031800032,1.097499967,-0.0102,-0.068099998,-0.054400001,0.939599991,-4.616899967,-2.117199898,-0.547299981,0.166199997,,0.166199997
0.314300001,-0.313699991,1.144600034,0.705500007,0.798399985,-0.0162,-0.261200011,0.825800002,-4.567699909,-2.154000044,-0.853200018,0.124200001,,0.124200001
0.309700012,-0.317200005,0.779299974,0.593400002,1.031700015,-0.0059,-0.0548,0.816299975,-3.252500057,-1.606099963,-0.484899998,0.0691,,0.0691
0.387100011,-0.352499992,-0.371600002,0.492700011,1.147099972,-0.041999999,0.042599998,1.107800007,-4.007900238,-2.325700045,-0.516700029,0.209099993,,0.209099993
0.700999975,-0.261999995,1.505100012,0.451200008,1.852699995,-0.0156,-0.1655,1.10739994,-4.072999954,-2.196399927,-1.066699982,0.225799993,,0.225799993
-0.0047,0.164199993,-1.155900002,-0.545599997,-0.4023,0.077500001,0.024599999,1.389700055,-2.984899998,-3.550100088,-0.652100027,0.151099995,,0.151099995
-0.128800005,0.423599988,0.574000001,-1.113399982,-0.628300011,0.045499999,-0.213400006,1.386899948,-2.323800087,-2.794199944,-1.448099971,0.175500005,,0.175500005
-0.221699998,0.384900004,-4.764500141,-1.73300004,-0.882099986,0.075800002,-0.069899999,1.743399978,-1.175199986,-3.497100115,-0.582300007,0.213300005,,0.213300005
-0.042599998,0.069799997,-7.002099991,-1.478299975,-0.240999997,-0.0084,-0.050900001,1.457900047,-1.778100014,-2.970499992,-0.902999997,0.1105,,0.1105
0.0003,0.065399997,-4.679599762,-0.708999991,-0.145199999,-0.0239,0.078299999,1.78489995,-1.403300047,-3.633899927,-0.430500001,0.192900002,,0.192900002
-0.165900007,-0.551599979,-3.666699886,0.960900009,-0.619099975,0.173800007,0.615400016,1.393000007,-0.086199999,-3.071899891,-0.134200007,0.184599996,,0.184599996
-0.253399998,-0.63410002,-0.617799997,1.608800054,-0.91839999,0.027100001,-0.259499997,1.253800035,0.119499996,-3.040299892,-0.675899982,0.214499995,,0.214499995
0.092200004,-0.2861,-0.590699971,0.677600026,0.056400001,-0.0025,0.033300001,1.678200006,-0.067000002,-3.17050004,-0.31220001,0.102899998,,0.102899998
0.195899993,-0.081600003,-3.669199944,0.184699997,-0.141499996,0.0128,0.033199999,1.674700022,0.177300006,-3.473500013,-0.418500006,0.066500001,,0.066500001
0.522899985,-0.310799986,0.834800005,0.478700012,1.31309998,0.044399999,-0.2412,1.230700016,-0.022,-3.370500088,-0.599399984,0.1998,,0.1998
-0.605099976,-0.127900004,0.658900023,-0.247899994,-2.119600058,-0.036600001,-0.364899993,1.802399993,-0.098099999,-3.457000017,-0.704100013,0.123999998,,0.123999998
-1.052800059,-0.617200017,-6.320099831,0.802900016,-3.101399899,-0.219300002,0.116499998,0.317200005,-0.553499997,-0.511799991,-0.051899999,0.0195,,0.0195
-0.825299978,-0.730199993,-5.390699863,0.841000021,-2.293200016,0.034000002,0.416000009,0.111100003,-0.516600013,0.0112,0.214300007,0.042199999,,0.042199999
-0.264600009,-0.625400007,-5.582600117,0.861599982,-0.961499989,-0.052099999,0.059599999,0.566999972,-0.040600002,-0.114600003,-0.325300008,0.056299999,,0.056299999
0.288100004,-0.354200006,-4.803599834,0.817499995,0.263500005,-0.082699999,-0.386200011,0.520200014,-1.938500047,-0.986899972,-0.676699996,0.061799999,,0.061799999
0.203400001,-0.791400015,0.624499977,1.524500012,0.537100017,-0.269600004,0.0517,0.472000003,0.087300003,-1.066400051,-0.101499997,0.0337,,0.0337
0.261700004,-0.623899996,-1.498999953,1.673200011,0.513700008,-0.299400002,-0.140499994,0.729600012,-3.598400116,-1.183300018,-0.460399985,0.059799999,,0.059799999
0.514500022,-0.549099982,1.212000012,0.756500006,1.536800027,-0.0264,-0.066,1.158200026,-4.994900227,-2.644099951,-0.863499999,0.303000003,,0.303000003
-0.588500023,0.027100001,0.439399987,-0.419200003,-1.567000031,-0.0156,-0.167099997,0.906799972,-4.802299976,-1.838000059,-1.131600022,0.064199999,,0.064199999
-0.890100002,0.134800002,-0.625400007,-0.450100005,-1.739799976,-0.064999998,-0.109499998,1.128100038,-4.655900002,-2.489799976,-0.90140003,0.26699999,,0.26699999
-0.34709999,-0.0524,0.3116,-0.300799996,-0.970000029,-0.0017,0.071000002,1.330199957,-4.399000168,-2.615099907,-0.851400018,0.255400002,,0.255400002
-0.515999973,0.280200005,-1.117300034,-1.300199986,-1.258700013,-0.035599999,-0.173199996,0.958299994,-4.103199959,-2.11680007,-1.034000039,0.054499999,,0.054499999
-0.529100001,-0.251599997,-7.095900059,-0.212400004,-1.586099982,-0.206599995,-0.040199999,0.999599993,-4.079999924,-2.47239995,-0.329600006,0.173299998,,0.173299998
-0.150399998,-0.486000001,-8.371500015,0.559800029,-0.559800029,-0.083400004,-0.223700002,1.190000057,-3.55250001,-2.375799894,-0.979799986,0.225700006,,0.225700006
0.197400004,-0.617399991,-6.847700119,1.291100025,0.060699999,-0.150900006,-0.089900002,1.08949995,-3.750699997,-2.549599886,-0.586499989,0.084200002,,0.084200002
0.56309998,-0.630699992,-1.99849999,1.197100043,1.018599987,-0.300799996,-0.30250001,0.944000006,-2.435499907,-2.025300026,-1.149999976,0.117700003,,0.117700003
0.343400002,-0.248300001,1.08010006,0.100500003,0.958999991,-0.0055,0.0295,1.250499964,-4.164999962,-2.777899981,-0.647599995,0.223199993,,0.223199993
0.440200001,-0.173999995,0.720600009,0.065300003,0.975600004,0.0011,-0.292699993,1.10800004,-4.143899918,-2.728499889,-0.752300024,0.189300001,,0.189300001
-0.198799998,0.236399993,-2.635099888,-0.960300028,-0.44780001,0.0458,-0.1866,1.294700027,-4.523300171,-3.155499935,-0.953700006,0.252000004,,0.252000004
-0.580299973,0.279500008,0.381199986,-1.071499944,-1.410300016,0.046999998,-0.110399999,1.389999986,-2.262599945,-3.211699963,-0.319700003,0.167600006,,0.167600006
-0.704699993,0.144600004,0.852800012,-0.800400019,-1.645300031,0.0119,0.096600004,0.447600007,-2.120199919,-0.558499992,0.245299995,0.034200002,,0.034200002
-0.716000021,0.389999986,-2.260999918,-1.215499997,-1.789000034,0.106399998,-0.239700004,0.496199995,-5.317800045,-1.13409996,0.0084,0.065800004,,0.065800004
-0.446999997,0.294800013,-1.949800014,-1.214100003,-1.333600044,0.0447,-0.187399998,0.575699985,-4.361100197,-1.026299953,-0.103799999,0.061900001,,0.061900001
-0.097000003,-0.162100002,-0.732500017,-0.0014,-0.354699999,0.073700003,-0.0372,0.0359,-0.166099995,0,-0.123800002,-0.0037,,0.0037
-0.032499999,-0.190300003,0.682500005,0.057100002,0.0164,0.0305,0.0605,-0.165000007,0.177699998,0.081299998,0.0188,0.0012,,0.0012
-0.0076,-0.201399997,-2.151200056,0.272300005,-0.133000001,0.221100003,0.0286,-0.118199997,-0.110399999,0.290499985,-0.211500004,-0.036800001,,0.036800001
0.438899994,-0.245800003,-1.594599962,0.546500027,1.046700001,0.032099999,-0.614400029,-0.487500012,-0.158899993,0.840799987,-0.905399978,-0.029300001,,0.029300001
0.492500007,-0.465799987,0.694700003,0.968999982,1.249899983,0.076899998,0.104099996,0.331499994,-2.137000084,-0.576799989,0.324400008,0.025,,0.025
0.569100022,-0.802600026,0.37349999,1.440000057,1.26789999,0.068300001,-0.0053,0.338999987,-4.262300014,-0.996500015,0.465700001,0.047400001,,0.047400001
-0.178399995,0.503799975,-0.093699999,-0.970200002,-0.829900026,0.0274,-0.132499993,-0.1998,0.128900006,0.297500014,-0.177599996,-0.0108,,0.0108
-0.225600004,0.547100008,-1.442199945,-1.401200056,-0.808099985,0.041099999,-0.0035,-0.0933,-0.199000001,0.264999986,-0.104099996,-0.0126,,0.0126
-0.484400004,0.670899987,-0.037500001,-1.233899951,-1.088999987,0.0495,-0.153300002,-0.299100012,-0.491400003,0.697000027,-0.520399988,-0.052499998,,0.052499998
-0.215599999,0.47209999,-0.045400001,-1.194800019,-0.514800012,0.0098,-0.217099994,-0.501900017,-0.360900015,1.338700056,-0.68720001,-0.084100001,,0.084100001
-0.408800006,0.610700011,-2.048000097,-1.965899944,-1.045400023,0.093999997,0.0009,-0.172800004,0.166999996,0.30430001,-0.111900002,-0.0086,,0.0086
-0.166999996,0.510500014,-0.477699995,-1.424100041,-0.567499995,0.051199999,-0.038899999,-0.069300003,-0.074199997,0.412099987,-0.138400003,-0.019300001,,0.019300001
-0.288399994,0.772199988,-2.292700052,-2.045599937,-0.741299987,0.088699996,-0.221900001,0.632300019,-4.008100033,-0.746699989,1.00E-04,0.040399998,,0.040399998
-0.37560001,0.311199993,-2.672399998,-1.831500053,-0.721099973,0.110100001,-0.337099999,-0.111500002,-8.323900223,0.752499998,0.0065,-0.039999999,,0.039999999
-0.205400005,0.117799997,-3.057300091,-1.248700023,-0.506399989,0.055300001,-0.559800029,0.53670001,-7.95690012,-0.660099983,-0.552999973,0.034600001,,0.034600001
-0.053399999,-0.082199998,-1.505800009,-0.156200007,-0.313800007,0.087800004,-0.071800001,0.52579999,-0.984200001,-1.608700037,-0.163699999,0.078500003,,0.078500003
0.085900001,-0.136199996,0.27700001,0.078400001,0.0414,0.054900002,-0.013,0.170000002,-0.115500003,-0.565400004,-0.044500001,0.024800001,,0.024800001
-0.072499998,-0.326299995,-3.23210001,0.465499997,-0.056200001,0.360500008,0.101300001,0.450199991,-0.344500005,-0.79400003,0.0028,0.0306,,0.0306
0.527700007,-0.078299999,-2.590600014,0.482899994,0.930700004,0.095799997,0.025,0.563799977,-2.143199921,-1.212900043,-0.306199998,0.064900003,,0.064900003
0.567099988,-0.422300011,0.906599998,1.24150002,1.304200053,0.114399999,-0.215000004,0.942900002,-2.079200029,-2.15440011,-0.753000021,0.145699993,,0.145699993
0.35589999,-0.721800029,0.814599991,1.433699965,1.159700036,0.0546,-0.0704,1.195299983,-3.235300064,-2.719899893,-0.558700025,0.225400001,,0.225400001
-0.291099995,0.605400026,0.764500022,-1.684900045,-1.012799978,0.047200002,0.056600001,1.109500051,-1.331400037,-2.584000111,0.018100001,0.1197,,0.1197
-0.45449999,0.619300008,-0.744799972,-2.127899885,-1.479099989,0.069700003,-0.094999999,1.169399977,-1.062600017,-2.799400091,-0.073700003,0.116700001,,0.116700001
-0.252799988,0.75819999,-0.58069998,-2.478399992,-1.521999955,0.114,0.078100003,1.743199944,-0.885399997,-2.659600019,-0.425500005,0.133699998,,0.133699998
-0.452100009,0.879400015,-2.175100088,-2.913100004,-1.091099977,0.1831,-0.048099998,1.473700047,-0.655399978,-3.755000114,0.129700005,0.125799999,,0.125799999
-0.291299999,0.817099988,-2.74180007,-2.353300095,-1.112300038,0.128099993,-0.315299988,1.124600053,-0.078199998,-3.173300028,-0.321399987,0.098300003,,0.098300003
-0.400299996,0.359299988,-2.765599966,-1.439900041,-1.040699959,0.045600001,-0.255100012,1.651299953,0.091200002,-3.273799896,-0.316100001,0.165900007,,0.165900007
-0.152999997,0.101000004,-1.698400021,-0.580200016,-0.349299997,0.0298,-0.037300002,1.556200027,-0.765200019,-3.356800079,-0.277200013,0.100400001,,0.100400001
-0.022299999,-0.30309999,-1.096400023,0.601800025,-0.158099994,0.094700001,0.275999993,1.163599968,-0.173899993,-2.834599972,0.220300004,0.110699996,,0.110699996
0.072800003,-0.405299991,0.555199981,0.736100018,-0.139200002,0.078400001,-0.755200028,0.446399987,-0.233400002,-0.700200021,-1.102300048,-0.022299999,,0.022299999
-0.058899999,-0.485799998,0.0033,0.876399994,-0.237900004,0.074699998,0.027899999,0.164100006,-0.140400007,-0.200200006,0.034200002,0.031399999,,0.031399999
0.229800001,-0.349099994,0.177000001,0.790000021,0.557200015,0.0359,-0.127299994,0.403100014,-1.473999977,-0.787500024,-0.235200003,0.043499999,,0.043499999
0.518599987,-0.2764,-4.915800095,0.690800011,0.900399983,0.223499998,0.092600003,0.071999997,0.068000004,-0.059700001,0.0416,0.017000001,,0.017000001
0.185900003,-0.387400001,1.250200033,0.440800011,0.152700007,0.0127,0.0121,-0.192599997,-0.372799993,0.195899993,0.0273,0.0242,,0.0242
0.233500004,-0.235100001,-0.722500026,0.307900012,0.0517,-0.0099,-0.057300001,0.0091,-1.388399959,-0.204999998,-0.239800006,0.0285,,0.0285
-0.382800013,-0.157499999,-1.676100016,-0.232199997,-0.827300012,0.0098,-0.075999998,-0.626299977,0.341800004,1.154899955,-0.382200003,0.119499996,,0.119499996
0.1215,-0.375800014,-0.089699998,0.611199975,0.064499997,0.0013,-0.079800002,-0.3046,0.055599999,1.21449995,-0.378100008,0.061299998,,0.061299998
0.043099999,-0.459399998,-2.877599955,0.404399991,0.168899998,-0.057700001,0.0131,-0.324499995,-0.217700005,0.827499986,-0.444599986,0.0372,,0.0372
0.103100002,-0.324999988,-1.104300022,0.351900011,0.100599997,-0.041099999,0.214300007,0.187199995,-0.253199995,-0.153600007,0.155900002,0.0052,,0.0052
0.213599995,-0.176599994,1.073400021,-0.125499994,0.715399981,-0.0004,-0.0515,0.378100008,-1.991799951,-0.562300026,0.087700002,0.027000001,,0.027000001
0.31220001,0.034899998,0.8028,-0.595200002,0.763899982,-0.0135,-0.030300001,0.466100007,-2.512900114,-1.00759995,0.190400004,0.051600002,,0.051600002
-0.363099992,-0.149900004,0.772899985,-0.257400006,-1.207000017,-0.0306,0.147699997,0.514199972,-2.983299971,-0.988900006,0.280800015,0.043099999,,0.043099999
-0.789200008,-0.362800002,-5.181600094,0.254000008,-2.224699974,-0.169300005,0.060899999,0.0502,0.217299998,-0.053199999,-0.028100001,0.0023,,0.0023
-0.927100003,-0.603699982,-6.25909996,0.409200013,-2.388200045,0.0011,-0.126900002,-0.104800001,-0.060600001,0.317200005,-0.367300004,-0.0196,,0.0196
-0.45629999,-0.488400012,-5.021800041,0.510299981,-1.278399944,-0.101899996,0.092500001,-0.211099997,0.020300001,0.477600008,-0.170100003,-0.0306,,0.0306
0.1382,-0.232199997,-3.50999999,0.375699997,0.122900002,-0.111000001,-0.2095,0.492300004,-5.462999821,-0.713800013,0.135800004,0.038800001,,0.038800001
0.209399998,-0.444200009,1.244899988,0.833999991,0.646799982,-0.086400002,-0.444900006,0.448599994,-5.284900188,-0.248600006,-0.152799994,-0.0095,,0.0095
0.262800008,-0.424199998,0.156900004,0.861299992,0.632300019,-0.118500002,-0.428600013,0.419200003,-5.294300079,-0.644900024,-0.509299994,0.033199999,,0.033199999
0.556100011,-0.340499997,1.018599987,0.261099994,1.588500023,-0.020199999,0.1417,1.039399981,-0.1127,-2.469899893,0.112300001,0.119499996,,0.119499996
0.118000001,-0.0085,1.122400045,-0.0174,0.0678,0.0031,-0.047699999,1.003999949,-0.28459999,-2.491300106,-0.0197,0.120899998,,0.120899998
-0.041999999,0.316599995,-2.142400026,-1.428799987,-0.585200012,0.106600001,0.083700001,0.96509999,-0.47420001,-2.588399887,0.110799998,0.1567,,0.1567
-0.0286,0.30219999,-2.487400055,-1.186400056,-0.394600004,-0.02,0.150600001,1.510499954,-2.961999893,-3.173099995,-0.787299991,0.192100003,,0.192100003
-0.141399994,0.0103,-3.183000088,-0.683499992,-0.511500001,0.0219,-0.369100004,1.183699965,-0.284999996,-2.642999887,-0.222299993,0.098200001,,0.098200001
-0.033199999,-0.094999999,-2.471600056,-0.136500001,-0.2236,0.144600004,-0.162300006,1.029700041,-0.47209999,-2.386300087,-0.30430001,0.085500002,,0.085500002
0.059,-0.287200004,0.442200005,0.105800003,0.0559,0.094400004,-0.224600002,0.685899973,-0.520200014,-2.36529994,-0.227899998,0.065399997,,0.065399997
0.048999999,-0.325500011,1.016299963,0.149399996,0.028999999,0.0163,-0.111299999,1.036900043,-0.454699993,-2.060800076,-0.190899998,0.051199999,,0.051199999
-0.057999998,-0.164199993,1.238399982,-0.126000002,-0.294099987,0.0012,0.123599999,1.089900017,-0.478199989,-2.30430007,-0.050799999,0.110399999,,0.110399999
-0.558600008,-0.486999989,-3.608799934,-0.274599999,-1.109899998,-0.1602,0.015,1.064900041,-1.844099998,-2.635299921,-0.404500008,0.154699996,,0.154699996
-0.385600001,-0.202600002,-2.919399977,-0.146899998,-1.109899998,0.043200001,-0.406599998,0.694199979,-0.542500019,-2.214400053,-0.47240001,0.071699999,,0.071699999
0.01,-0.600799978,-2.578799963,0.938199997,-0.219699994,-0.0535,-0.204999998,1.047299981,-5.366399765,-2.318500042,-1.151600003,0.125699997,,0.125699997
0.095899999,-0.576300025,-0.926299989,1.167899966,0.065300003,-0.044199999,-0.0013,1.217399955,-5.077799797,-2.579400063,-0.596899986,0.129700005,,0.129700005
0.367000014,-0.434599996,1.138700008,0.815299988,1.027400017,-0.0185,-0.055799998,1.214300036,-5.325200081,-2.604500055,-0.940800011,0.275200009,,0.275200009
0.34040001,-0.390599996,0.888100028,0.715200007,0.888800025,-0.028200001,-0.127200007,1.596899986,-5.215899944,-3.33039999,-0.626100004,0.351599991,,0.351599991
-0.340600014,0.481400013,-3.48239994,-1.886399984,-1.121000051,0.162499994,-0.048900001,1.557800055,-4.482600212,-2.681900024,-1.332299948,0.343600005,,0.343600005
-0.341300011,0.354200006,-3.401400089,-1.740800023,-1.068799973,0.0178,0.179800004,1.426100016,-5.430900097,-3.074599981,-0.701499999,0.319900006,,0.319900006
0.050500002,0.224000007,-2.264499903,-1.041000009,-0.236900002,0.0273,-0.106600001,1.021299958,-4.147600174,-2.296600103,-0.871900022,0.144600004,,0.144600004
0.022600001,-0.024800001,-1.191900015,-0.4014,0.163100004,0.053599998,0.067699999,1.244500041,-4.675300121,-2.796900034,-0.380400002,0.289299995,,0.289299995
0.128800005,0.0317,-0.620800018,-0.215800002,-0.063600004,0.115800001,-0.037700001,1.393599987,-3.077300072,-3.22390008,-0.437900007,0.131899998,,0.131899998
-0.027000001,-0.094300002,1.137500048,-0.085600004,-0.0032,0.01,0.098499998,1.437399983,-1.681699991,-3.324500084,-0.381700009,0.1796,,0.1796
0.069799997,-0.131500006,-0.252299994,0.215200007,0.0535,0.140000001,0.066799998,1.295099974,-0.810599983,-2.606699944,-0.659600019,0.150600001,,0.150600001
0.368900001,-0.0605,-1.845999956,0.434199989,0.298799992,0.083400004,-0.035500001,1.395599961,-0.073700003,-3.0631001,-0.220100001,0.065399997,,0.065399997
0.623700023,-0.387699991,-0.328299999,0.876600027,1.463000059,0.120099999,0.108599998,1.679700017,-0.192900002,-2.953099966,-0.2465,0.117899999,,0.117899999
0.588199973,-0.9023,-3.333800077,1.681599975,1.423200011,0.518000007,0.070299998,1.396399975,0.023,-3.124700069,-0.0274,0.118600003,,0.118600003
-0.336100012,0.523599982,0.71329999,-1.299600005,-1.256299973,0.048,-0.0122,1.523200035,-0.373400003,-3.331500053,-0.243300006,0.166899994,,0.166899994
-0.557600021,0.561699986,-2.74819994,-1.963700056,-1.700500011,0.139400005,0.178399995,1.506700039,-0.414700001,-3.180900097,-0.038699999,0.115900002,,0.115900002
-0.264699996,0.465700001,-1.865100026,-1.506999969,-1.084300041,0.040899999,-1.00E-04,0.630699992,-0.618300021,-0.942600012,-0.032900002,-0.0004,,0.0004
0.016000001,0.249899998,-3.872200012,-1.488600016,-0.329699993,0.041900001,0.075099997,0.219899997,-0.804400027,-0.315299988,0.0119,0.0142,,0.0142
0.0129,-0.032699998,-2.901599884,-0.418300003,0.0305,0.085000001,-0.333499998,0.471599996,-0.0242,-0.479400009,-0.385899991,0.0272,,0.0272
-0.115599997,-0.340000004,-0.674000025,0.598399997,-0.241500005,0.100000001,0.238900006,0.254799992,-0.169300005,-0.373600006,0.136600003,0.020300001,,0.020300001
0.042599998,-0.172700003,1.127599955,0.476999998,-0.1382,0.032400001,-0.057399999,0.113700002,-1.691100001,-0.493800014,-0.182400003,0.0425,,0.0425
-0.117600001,-0.33160001,-0.613499999,0.792299986,-0.27790001,0.031300001,-0.152600005,0.885599971,-3.362699986,-1.445000052,-0.963400006,0.099699996,,0.099699996
0.727800012,-0.309100002,-0.366899997,0.426299989,1.515200019,0.249300003,-0.136099994,-0.140799999,0.149200007,0.596000016,-0.305799991,0.067599997,,0.067599997
-0.256199986,-0.422399998,0.8477,0.880800009,-0.667599976,-0.0035,-0.0052,0.200499997,-1.365300059,-0.166700006,0.172999993,0.018300001,,0.018300001
-0.28670001,-0.599900007,-1.565400004,0.932799995,-0.803499997,-0.055300001,-0.142499998,0.102899998,-1.54460001,-0.096699998,-0.278499991,0.0073,,0.0073
-0.567700028,-0.435499996,-3.505500078,0.763499975,-1.645599961,0.0535,-0.168699995,0.436699986,-1.316300035,-0.826699972,-0.3926,0.045400001,,0.045400001
-0.186000004,-0.853699982,-4.217700005,1.272799969,-0.512399971,-0.106700003,0.0447,0.305099994,-0.36680001,-0.413399994,0.0061,0.033100002,,0.033100002
-0.128600001,-0.702199996,-1.228199959,1.353899956,-0.277700007,-0.063100003,0.0274,0.207800001,-0.999800026,-0.638499975,0.105300002,0.0286,,0.0286
0.300500005,-0.357499987,1.111700058,0.863600016,0.639900029,-0.0066,0.160400003,0.397899985,-1.228299975,-0.923699975,-0.021400001,0.037999999,,0.037999999
0.382200003,-0.0392,-0.266299993,0.710300028,0.778900027,-0.094400004,0.0167,0.157600001,-1.664899945,-0.224900007,-0.133499995,0.0103,,0.0103
0.425999999,-0.174700007,-2.525399923,0.018200001,0.731700003,-0.190699995,-0.148200005,-0.211400002,0.157399997,0.5704,-0.397199988,0.035700001,,0.035700001
0.482199997,-0.281800002,1.247599959,0.0581,1.245399952,-0.016100001,-0.109099999,-0.198400006,0.048799999,0.307099998,-0.281500012,0.0109,,0.0109
0.151299998,0.096500002,1.262300014,-0.115900002,0.034499999,0.0012,0.278699994,0.231000006,-0.905399978,-0.104900002,0.168200001,0.0178,,0.0178
-0.311300009,0.41080001,-2.855400085,-1.167199969,-1.070899963,-0.046,-0.196199998,-0.627399981,0.076800004,1.518399954,-0.409500003,-0.059599999,,0.059599999
-0.526000023,0.775099993,-4.64470005,-2.31430006,-1.1171,-0.0104,-0.0999,-0.7245,-0.030400001,1.675400019,-0.445199996,-0.0506,,0.0506
-0.146300003,0.47389999,-0.735800028,-1.255800009,-0.598399997,-0.0033,-0.0147,-1.126600027,-0.362899989,2.174400091,-0.412299991,-0.081200004,,0.081200004
-0.379200011,0.092100002,-3.459599972,-1.169199944,-0.985400021,0.0016,-0.418900013,-0.189199999,-1.940099955,0.944999993,-1.288400054,-0.1285,,0.1285
-0.259000003,-0.136099994,-3.377199888,-0.43720001,-0.70480001,-0.028200001,-0.360300004,0.396200001,-5.143700123,-0.727699995,-0.116400003,0.047699999,,0.047699999
-0.412400007,-0.42899999,-2.484499931,0.333999991,-0.805100024,-0.059500001,-0.261000007,0.075999998,-3.877599955,0.202800006,-0.171100006,-0.0136,,0.0136
-0.040199999,-0.725700021,-1.455299973,1.242499948,-0.081799999,-0.058899999,-0.339300007,0.87379998,-5.376999855,-1.703500032,-0.322100013,0.079700001,,0.079700001
0.117299996,-0.573700011,0.505100012,1.256700039,0.211099997,-0.0196,0.0086,0.749300003,-0.275700003,-1.607300043,0.048300002,0.075199999,,0.075199999
0.261500001,-0.501800001,-1.602399945,1.040300012,0.260500014,-0.1417,0.137799993,0.417299986,-0.270799994,-0.683499992,0.114799999,0.040800001,,0.040800001
0.225799993,-0.562399983,1.064499974,0.650699973,0.791000009,-0.0425,0.149800003,0.462300003,-4.578499794,-0.752399981,-0.237800002,0.086499996,,0.086499996
-0.253500015,0.122400001,-1.173699975,-0.637399971,-0.933700025,-0.0121,-0.0056,-0.072800003,0.0052,0.093000002,-0.082400002,0.0162,,0.0162
-0.487800002,0.608500004,0.248999998,-1.959800005,-1.070299983,-0.054900002,0.171700001,-0.02,-0.239700004,-0.054400001,0.134399995,0.0101,,0.0101
-0.510599971,0.171700001,-0.310499996,-0.602599978,-1.39199996,-0.0037,0.050700001,-0.1105,-2.446500063,0.070900001,0.25940001,-0.082099997,,0.082099997
-0.560500026,-0.0228,-1.57889998,-0.403499991,-1.602399945,-0.0092,-0.1435,-0.35710001,0.071199998,0.825500011,-0.375699997,-0.057399999,,0.057399999
-0.399599999,-0.4745,-0.883899987,0.298400015,-0.987699986,-0.0063,-0.098300003,-0.558099985,-0.102300003,1.103899956,-0.349900007,-0.0493,,0.0493
-0.343300015,-0.311100006,-0.701600015,0.369800001,-0.950500011,-0.0244,-0.262400001,-0.707799971,-0.160799995,1.891800046,-0.551299989,-0.154100001,,0.154100001
0.0352,-0.347499996,0.639400005,0.765100002,-0.084399998,-0.0104,-0.227599993,-0.823400021,0.0647,2.398499966,-0.738399982,-0.144899994,,0.144899994
-0.091700003,-0.555299997,-3.558799982,0.861800015,-0.498800009,-0.160600007,0.265599996,0.184300005,-0.307000011,-0.059099998,0.183500007,0.0029,,0.0029
0.32190001,-0.393299997,-2.27489996,0.841700017,0.566999972,-0.156200007,-0.208399996,-0.435600013,0.080899999,1.09739995,-0.592199981,-0.079099998,,0.079099998
0.161899999,-0.524399996,1.257699966,1.085000038,0.432799995,-0.0188,-0.137899995,-0.774999976,-0.0136,1.613000035,-0.520900011,-0.0647,,0.0647
0.260899991,-0.706099987,0.742399991,1.113700032,0.47209999,-0.004,-0.31189999,-1.19780004,-1.728399992,2.077899933,-1.075000048,-0.100000001,,0.100000001
0.166500002,-0.243399993,0.950100005,0.140599996,0.123199999,0.016000001,-0.414999992,-0.308800012,-0.716899991,1.349099994,-1.033900023,-0.093099996,,0.093099996
-0.203999996,-0.272100002,-2.845700026,-0.575800002,-0.689300001,0.037700001,-0.152700007,-0.372700006,0.173700005,0.575999975,-0.485300004,-0.044199999,,0.044199999
-0.160999998,0.0097,-2.146600008,-0.290600002,-0.439300001,-0.0028,0.0451,-0.147499993,0.0133,0.581799984,-0.403800011,-0.050000001,,0.050000001
0.052900001,-0.175999999,-4.027400017,-0.338400006,0.220300004,-0.007,-0.388900012,0.490999997,-7.552800179,-1.293200016,0.0049,0.074600004,,0.074600004
-0.038699999,-0.39230001,0.0065,0.857800007,-0.185599998,0.058499999,-0.569199979,0.477200001,-6.129600048,-0.622699976,-0.646700025,0.0416,,0.0416
-0.151099995,-0.561100006,-3.374200106,0.698400021,-0.424800009,0.287699997,-0.638800025,0.224900007,-4.910900116,0.0045,-1.056800008,-0.0134,,0.0134
-0.046599999,-0.179000005,-2.841799974,0.504700005,-0.426999986,0.0039,-0.149299994,1.138100028,-0.386799991,-2.524600029,-0.278200001,0.099299997,,0.099299997
0.387300014,-0.219400004,1.010499954,0.497999996,0.908999979,0.049800001,0.042399999,1.29519999,-0.134000003,-2.910599947,-0.239099994,0.127200007,,0.127200007
0.395200014,-0.307799995,0.7852,0.406300008,0.858299971,0.0381,-0.102399997,1.365100026,-0.139400005,-3.149600029,-0.436300009,0.126200005,,0.126200005
-0.187700003,-0.376300007,0.586399972,-0.098700002,-0.298500001,-0.0023,-0.270000011,1.55250001,0.266000003,-3.647000074,-0.583199978,0.108999997,,0.108999997
-0.315299988,0.228699997,0.845899999,-0.724699974,-0.497799993,0.006,-0.122500002,0.280600011,-1.674800038,-0.258700013,-0.0964,0.0121,,0.0121
-0.228799999,-0.0043,-2.076200008,-0.834200025,-0.688399971,0.0072,-0.0328,0.268700004,-0.835699975,-0.39289999,-0.1664,0.0052,,0.0052
-0.163000003,-0.134299994,-1.292400002,-0.198500007,-0.538500011,-0.0097,0.0163,0.1285,-2.221199989,-0.167099997,0.0308,0.036499999,,0.036499999
-0.141800001,-0.271299988,-4.98789978,-0.0113,-0.460399985,-0.0964,0.127800003,0.1162,-0.170000002,-0.255199999,0.083899997,0.0233,,0.0233
0.0832,-0.754400015,-7.290800095,1.233100057,-0.164199993,-0.162200004,-0.1655,0.273499995,-2.186399937,-0.453999996,-0.519400001,-0.0164,,0.0164
0.252499998,-0.556299984,-4.779799938,1.232499957,0.223000005,-0.235699996,-0.043099999,1.003200054,-1.754500031,-2.130700111,-0.502600014,0.167600006,,0.167600006
0.553300023,-0.217399999,0.509000003,0.238299996,1.44749999,-0.0427,0.037700001,0.676699996,-1.292899966,-1.351699948,-0.244399995,0.036200002,,0.036200002
-1.167299986,0.3926,-4.515200138,-1.078099966,-2.949899912,-0.103200004,0.0222,0.0004,-0.207800001,0.01,-0.180299997,0.0232,,0.0232
-0.363799989,0.350600004,0.773599982,-0.907100022,-1.416300058,-0.037300002,-0.171700001,-0.078900002,-0.333400011,-0.0086,-0.439500004,0.067199998,,0.067199998
-0.823099971,0.054699998,-2.417000055,-1.023900032,-2.156300068,-0.124200001,-0.156299993,0.234400004,-0.510999978,-0.627600014,-0.543900013,0.105700001,,0.105700001
-0.826200008,-0.0146,-3.519399881,-0.767700016,-2.219700098,-0.169300005,-0.088699996,0.328200012,-5.017300129,-0.740800023,0.131600007,0.029100001,,0.029100001
-0.437099993,-0.204500005,-3.842799902,-0.136700004,-1.386800051,-0.0634,-0.049800001,0.143000007,-2.625999928,-0.239099994,0.0195,0.0143,,0.0143
0.017200001,-0.359100014,-4.202300072,0.620199978,-0.370400012,-0.0744,-0.174199998,-0.612699986,0.0352,1.186100006,-0.529100001,-0.0253,,0.0253
0.318399996,-0.658399999,-2.306499958,1.246399999,0.782299995,-0.083099999,-0.181899995,-0.249200001,-0.052999999,1.514999986,-0.823199987,-0.069499999,,0.069499999
0.219400004,-0.852400005,0.748000026,1.677399993,0.693599999,-0.0053,-0.247199997,-0.221900001,-0.32949999,0.278899997,-0.548300028,-0.060600001,,0.060600001
0.296099991,-0.726800025,-0.870599985,1.814200044,0.778199971,-0.057599999,-0.153999999,-0.291200012,-0.398999989,0.190500006,-0.54549998,-0.094400004,,0.094400004
0.185100004,0.0964,0.877200007,-0.388000011,0.153699994,0.0017,-0.0075,0.176699996,-2.52940011,-0.324299991,0.135600001,0.0024,,0.0024
-0.469500005,-0.031500001,-2.264800072,-0.601599991,-0.847299993,-0.0209,0.0031,0.515999973,-2.281899929,-0.80369997,-0.046999998,0.026699999,,0.026699999
-0.250999987,0.176400006,-0.062600002,-1.435500026,-0.75880003,-0.026699999,-0.064999998,0.346799999,-3.74180007,-0.947099984,0.222000003,0.037500001,,0.037500001
0.058200002,0.395399988,0.80339998,-1.324900031,-0.413199991,-0.0142,0.1118,0.034699999,0.078500003,-0.0801,0.022600001,-0.0132,,0.0132
-0.165299997,0.190099999,-1.709499955,-1.083999991,-0.907400012,-0.024499999,0.045299999,-0.041299999,-0.108400002,-0.049800001,0.090400003,-0.0005,,0.0005
-0.357300013,0.191599995,-1.002400041,-0.368699998,-0.770799994,-0.0015,-0.0078,-0.076499999,-0.291500002,-0.0021,-0.129199997,0.0109,,0.0109
-0.380299985,-0.1127,-2.46239996,0.232500002,-1.168400049,-0.036899999,-0.161699995,0.0836,0.105999999,0.194700003,-0.333700001,0.0012,,0.0012
-0.0678,-0.600000024,-2.0697999,1.250399947,-0.393400013,-0.051600002,-0.27610001,0.542699993,-5.047399998,-0.557900012,-0.244599998,-0.042100001,,0.042100001
0.096100003,-0.799099982,-1.524700046,1.84679997,-0.0007,-0.0682,-0.684300005,0.352499992,-10.36380005,-0.685500026,-0.449499995,0.050999999,,0.050999999
0.272100002,-0.697799981,1.103500009,1.538900018,0.780600011,-0.0136,-0.644500017,0.874100029,-8.429900169,-1.376899958,-0.783100009,0.059599999,,0.059599999
0.207499996,-0.688199997,0.873899996,1.702100039,0.774299979,-0.0139,0.0298,0.839600027,-0.687699974,-2.025000095,-0.032000002,0.088500001,,0.088500001
-0.532000005,-0.1043,0.752600014,-0.156299993,-1.413400054,0.0046,0.0189,0.94569999,-0.447600007,-2.161999941,0.085100003,0.090300001,,0.090300001
-0.99000001,-0.583700001,-7.765500069,0.718100011,-2.789400101,-0.246900007,-0.046399999,0.725600004,-1.603700042,-1.710899949,-0.342099994,0.061799999,,0.061799999
-0.555000007,-0.641099989,-7.996099949,0.706900001,-1.771700025,0.033199999,0.134599999,0.83039999,-0.215399995,-1.884299994,0.161899999,0.079300001,,0.079300001
-0.319799989,-0.531400025,-8.176600456,0.621399999,-1.139299989,-0.144700006,-0.315200001,0.685800016,-2.307800055,-1.983199954,-1.056300044,0.159600005,,0.159600005
0.086400002,-0.62470001,-6.113900185,1.245499969,0.059700001,-0.203299999,-0.451599985,0.576699972,-0.569299996,-1.55340004,-0.633000016,0.0233,,0.0233
0.62529999,-0.520200014,-1.045799971,0.978500009,1.291499972,-0.173899993,0.280600011,0.807299972,-0.451799989,-1.597000003,0.0911,0.051899999,,0.051899999
0.356000006,-0.139400005,1.108999968,0.231600001,0.9903,0,-0.408399999,0.596599996,-3.266700029,-1.709900022,-0.978299975,0.107799999,,0.107799999
0.457800001,-0.199900001,0.986199975,0.107699998,0.918600023,-0.0057,0.044500001,0.502300024,-0.529500008,-1.162999988,-0.110200003,0.083300002,,0.083300002
0.0964,0.1338,0.777400017,-0.194700003,-0.077500001,0.016000001,-0.131200001,0.739000022,-8.399499893,-1.463400006,-1.167600036,0.109200001,,0.109200001
-0.595799983,0.095600002,0.467599988,-0.125699997,-1.84829998,-0.040100001,-0.032299999,-0.397199988,-0.0007,1.15989995,-0.396200001,0.065399997,,0.065399997
-0.637600005,-0.375699997,-0.141200006,0.038600001,-2.346100092,-0.082500003,-0.039500002,-0.180399999,-0.62559998,0.2412,0.128299996,-0.0053,,0.0053
-0.605599999,-0.648199975,-1.039499998,1.074100018,-1.615300059,-0.025800001,-0.0027,0.0167,-1.061300039,-0.172499999,0.175899997,0.0073,,0.0073
-0.2861,-0.636699975,-1.227800012,1.062700033,-0.755800009,-0.0139,0.088799998,0.188299999,-0.872900009,-0.346500009,0.119400002,0.018300001,,0.018300001
-0.169499993,-0.636500001,-0.155300006,1.083500028,-0.488099992,-0.0374,-0.107699998,-0.022700001,-0.044199999,0.212200001,-0.297100008,0.0049,,0.0049
-0.147799999,-0.649800003,-2.228499889,0.939199984,-0.516099989,-0.090700001,-0.268000007,-0.2377,0.180399999,0.857200027,-0.789200008,-0.040199999,,0.040199999
0.308999985,-0.648299992,-2.24000001,1.182600021,0.717800021,-0.200599998,-0.166099995,-0.158399999,0.0218,0.551400006,-0.731700003,-0.029200001,,0.029200001
0.021,-0.4454,1.198099971,0.602299988,0.234500006,-0.005,0.223499998,0.076800004,-0.0867,-0.068800002,0.162699997,0.0062,,0.0062
0.170599997,-0.406300008,0.879700005,0.4542,0.266600013,0.0105,-0.2192,0.1219,-2.820600033,0.0973,-0.407999992,-0.0021,,0.0021
0.184100002,-0.086400002,1.075099945,-0.0027,0.1215,0.0187,-0.359299988,0.197699994,-2.688899994,-0.195999995,-0.562099993,0.0147,,0.0147
-0.403699994,-0.577600002,0.988900006,0.478399992,-0.739600003,-0.0022,-0.153799996,0.724600017,-2.673500061,-1.391100049,-0.290300012,0.0722,,0.0722
-0.555299997,-0.386099994,-1.211400032,1.217000008,-1.541100025,-0.071000002,-0.078000002,0.545300007,-0.159299999,-1.263499975,-0.134200007,0.0447,,0.0447
-0.474400014,-0.563799977,-2.475500107,0.954200029,-1.47360003,-0.0068,-0.0035,0.673300028,-0.520099998,-1.561200023,-0.099100001,0.066200003,,0.066200003
-0.534099996,-0.751699984,-2.218400002,1.182800055,-1.301699996,-0.076399997,0.088,0.568599999,-0.175799996,-0.952799976,-0.0152,0.030400001,,0.030400001
-0.093699999,-0.538299978,0.040100001,1.116799951,-0.522400022,-0.027100001,-0.031599998,0.554799974,-2.532099962,-0.92049998,-0.254200011,0.081100002,,0.081100002
-0.160600007,-0.432099998,-3.072599888,1.00030005,-0.761699975,-0.272100002,-0.321799994,0.1514,-1.212599993,-0.184900001,-1.0352,0.475300014,,0.475300014
-0.036200002,-0.087300003,0.61559999,-0.368800014,-0.087899998,0.0352,-0.0109,-0.0149,-0.0052,0.0196,-0.034299999,0.021199999,,0.021199999
0.028000001,0.0392,-0.503300011,-0.482499987,-0.212400004,0.0266,0.117299996,0.099399999,-0.0261,-0.0348,0.017200001,0.0154,,0.0154
-0.0416,-0.066500001,-0.83890003,-0.431400001,-0.289099991,0.020099999,-0.0491,-0.41870001,0.649500012,1.764299989,-0.613799989,-0.0447,,0.0447
-0.109700002,-0.162400007,-0.897000015,-0.051100001,-0.3134,0.032900002,-0.166999996,-0.936699986,0.184300005,1.747200012,-0.531199992,-0.054499999,,0.054499999
-0.0506,-0.2104,0.179499999,0.289400011,-0.082599998,0.0539,0.126800001,0.184599996,-2.554699898,-0.106700003,0.621699989,0.0029,,0.0029
-0.0491,-0.177000001,-0.933000028,0.145799994,-0.191499993,0.122599997,0.054299999,0.354200006,-2.235399961,-0.737200022,0.277500004,0.040800001,,0.040800001
0.151899993,-0.226099998,0.640900016,0.422600001,0.0526,0.0526,-0.1043,-0.364499986,0.262600005,1.095499992,-0.433600008,-0.057700001,,0.057700001
0.181600004,-0.373800009,-4.104800224,0.458000004,-0.128900006,0.156499997,-0.038899999,-0.477499992,-0.038800001,1.177099943,-0.389499992,-0.059300002,,0.059300002
0.562900007,-0.266400009,-1.917600036,0.160699993,1.20570004,0.232099995,-0.112300001,-0.328399986,-0.034299999,1.394199967,-0.655700028,-0.105599999,,0.105599999
0.605499983,0.278600007,-3.489900112,-0.613600016,0.941600025,1.234899998,-0.186399996,-0.250099987,0.033599999,0.7755,-0.579400003,-0.042599998,,0.042599998
0.488700002,0.0156,-0.971300006,-0.111900002,0.990800023,0.155399993,-0.066200003,-0.395500004,-0.076099999,0.764999986,-0.502900004,-0.036499999,,0.036499999
0.379599988,-0.29370001,1.293200016,0.385899991,1.223500013,0.053300001,-0.043099999,0.317699999,-5.799200058,-0.632799983,0.455199987,0.0277,,0.0277
-0.198899999,-0.0152,0.718800008,-0.089500003,-0.170000002,0.023399999,-0.452100009,0.430599988,-4.021999836,-0.301200002,-0.643999994,-0.0076,,0.0076
-0.750500023,0.170100003,0.300199986,-0.935699999,-2.337199926,0.060800001,-0.579599977,0.120899998,-4.539999962,-0.072499998,-0.76880002,-0.0014,,0.0014
-1.081699967,0.204600006,-3.269099951,-1.333299994,-2.897099972,0.169400007,0.217800006,1.178500056,-0.120300002,-2.638799906,0.203099996,0.115000002,,0.115000002
-0.576200008,-0.174099997,-3.641400099,-0.531599998,-1.579399943,0.0381,0.034899998,1.085899949,-0.33039999,-2.717000008,-0.0128,0.125400007,,0.125400007
-0.2148,-0.294099987,-1.362400055,0.399599999,-0.540799975,0.104900002,-0.0014,1.18690002,-0.0403,-2.721899986,0.157299995,0.07,,0.07
0.078299999,-0.198500007,0.549399972,0.423900008,0.0065,0.066,0.181099996,1.444499969,-0.108099997,-3.128599882,0.136399999,0.134000003,,0.134000003
-0.0195,-0.343400002,-1.143599987,0.56400001,-0.105700001,0.207000002,0.197500005,1.49000001,0.159299999,-3.244199991,0.087399997,0.156399995,,0.156399995
0.208199993,0.050700001,-2.277100086,-0.34709999,-0.105800003,0.078599997,-0.314900011,1.750499964,-0.067299999,-3.602499962,-0.397100002,0.155000001,,0.155000001
0.520900011,-0.234999999,0.824800014,0.266900003,1.489400029,0.059099998,-0.022299999,0.225799993,-0.041999999,-0.222200006,-0.0328,0.0107,,0.0107
-0.195800006,0.342299998,-2.927999973,-0.779299974,-0.127499998,0.041200001,0.0634,0.326200008,-0.857900023,-0.530399978,-0.0187,-0.0112,,0.0112
-0.0986,0.115699999,-1.79279995,-0.355599999,-0.261299998,0.037300002,0.096000001,0.089599997,-1.604599953,-0.214300007,0.0363,0.026900001,,0.026900001
-0.386900008,0.071699999,0.351999998,-0.357800007,-0.834500015,0.0072,0.0007,0.493000001,-0.819000006,-0.906000018,-0.0024,0.063000001,,0.063000001
-0.547900021,0.427700013,-0.484699994,-0.909399986,-1.399999976,0.0197,0.048799999,0.686999977,-1.315500021,-1.491099954,0.168500006,0.060199998,,0.060199998
-0.448399991,0.058600001,-0.216700003,-0.75880003,-0.964600027,0.082800001,0.108199999,0.400700003,-0.559000015,-0.679099977,0.171000004,0.037799999,,0.037799999
-0.382800013,-0.0062,-3.367399931,-0.737999976,-1.163900018,0.241699994,0.106299996,0.221499994,0.055199999,-0.257499993,0.045400001,0.0044,,0.0044
-0.121100001,-0.047899999,-0.609399974,-0.2104,-0.310099989,0.263999999,0.291000009,0.354799986,0.091700003,-0.262899995,0.327600002,0.016100001,,0.016100001
-0.092100002,0.072499998,-3.896199942,-0.3671,-0.354099989,0.427700013,0.064300001,0.0436,-0.109399997,-0.137600005,0.132599995,0.0098,,0.0098
0.311100006,-0.028200001,-3.578900099,0.286900014,0.322299987,0.124899998,0.034600001,0.25819999,-2.207499981,-1.17990005,-0.362699986,0.063500002,,0.063500002
-0.050000001,0.154899999,1.035599947,-0.178100005,-0.087700002,0.020400001,-0.175300002,0.023499999,-0.466600001,-0.133900002,-0.605199993,0.149000004,,0.149000004
-0.254900008,-0.342599988,0.581700027,0.0255,-0.631099999,0.0425,-0.090599999,-0.0025,-0.505100012,0.172900006,-0.455799997,0.211500004,,0.211500004
-0.200800002,-0.2236,1.046200037,0.141399994,-0.260699987,0.031800002,-0.048300002,-0.0933,-0.202800006,-0.029999999,-0.057700001,0.0046,,0.0046
-0.230900005,-0.230299994,0.790799975,0.035399999,-0.4745,0.0111,-0.0195,-0.082099997,0.297800004,0.342700005,-0.017100001,-0.0013,,0.0013
-0.109499998,0.037999999,1.002900004,0.0114,-0.633899987,0.050299998,-0.219899997,-1.051699996,-0.907599986,1.419700027,-0.250699997,-0.029999999,,0.029999999
-0.415100008,-0.168300003,1.039800048,0.089699998,-0.588400006,0.0132,-0.156200007,-1,0.0207,2.248500109,-0.298099995,-0.183300003,,0.183300003
-0.342799991,-0.260800004,1.162500024,0.079800002,-0.555499971,0.0137,0.035999998,-0.1303,-1.052099943,0.216999993,0.135600001,1.00E-04,,1.00E-04
0.140699998,0.051100001,1.063799977,-0.054099999,-0.166099995,0.0436,-0.1426,0.088200003,-2.764899969,0.342400014,-0.105899997,-0.0138,,0.0138
-0.406800002,-0.495999992,0.165600002,0.236900002,-1.156800032,0.0328,-0.071199998,-0.232600003,-3.886800051,0.836099982,0.106899999,-0.037300002,,0.037300002
-0.756399989,0.217999995,0.250499994,-0.420100003,-2.064800024,0.0471,-0.104999997,0.934000015,-0.231000006,-2.288700104,-0.346300006,0.1021,,0.1021
-0.652899981,0.0107,-6.869100094,-0.631399989,-1.944499969,0.0517,-0.149900004,0.870999992,-0.598100007,-2.668200016,-0.396400005,0.1338,,0.1338
-0.140400007,-0.042599998,-3.550699949,-0.044,-0.643599987,0.0045,-0.225899994,1.164600015,-1.763399959,-2.657900095,-0.610499978,0.115699999,,0.115699999
0.078500003,-0.229200006,-5.805600166,-0.374599993,0.195999995,-0.0041,-0.089199997,0.916100025,-0.372000009,-2.262500048,-0.260500014,0.105999999,,0.105999999
0.0093,-0.4648,-1.258900046,1.074499965,-0.0104,0.139200002,0.0089,1.157299995,-0.054699998,-2.190500021,-0.254000008,0.0955,,0.0955
0.0253,-0.241699994,-0.439200014,0.627600014,-0.232999995,0.0254,0.253800005,0.935800016,-1.722100019,-2.488100052,0.077,0.158099994,,0.158099994
0.061500002,-0.229399994,-1.478800058,0.565100014,-0.37560001,0.0112,-0.0053,0.816900015,-0.181600004,-1.942800045,0.395200014,0.067599997,,0.067599997
0.754700005,-0.243100002,0.497500002,0.420300007,1.978800058,0.0691,0.240099996,1.020900011,-1.179499984,-2.415299892,0.032499999,0.168899998,,0.168899998
-1.150699973,0.32980001,-1.308599949,-1.228500009,-2.89350009,-0.115099996,-0.055599999,1.006999969,-0.384900004,-2.318300009,-0.0053,0.108900003,,0.108900003
-0.659600019,-0.026000001,-2.137799978,-0.317699999,-1.974099994,-0.023499999,0.160300002,0.949599981,-1.234099984,-2.34559989,0.169699997,0.176400006,,0.176400006
-0.289000005,-0.168899998,-2.317500114,0.0757,-1.133700013,0.0005,0.161699995,1.02579999,-0.219099998,-2.316699982,0.122199997,0.110699996,,0.110699996
-0.311399996,-0.531899989,-1.626299977,0.661499977,-0.835200012,-0.031199999,0.111500002,0.832899988,-0.82249999,-2.25180006,0.379900008,0.136299998,,0.136299998
0.0101,-0.617699981,-0.217600003,1.021100044,-0.0616,-0.0218,0.199699998,0.994400024,-0.184799999,-2.377099991,0.438199997,0.090599999,,0.090599999
0.052000001,-0.693000019,-2.036499977,1.086300015,-0.115500003,-0.084700003,0.219600007,1.027400017,-0.816699982,-2.174099922,0.510100007,0.120800003,,0.120800003
0.421200007,-0.568400025,-2.648699999,1.118399978,0.836899996,-0.441399992,0.166899994,0.975000024,-0.224299997,-2.256099939,0.243300006,0.090800002,,0.090800002
0.297800004,-0.410600007,0.559400022,0.610800028,0.773100019,-0.0029,0.237399995,1.021000028,-0.301699996,-2.267999887,0.397199988,0.089900002,,0.089900002
0.561500013,-0.299400002,0.190799996,0.428600013,1.007799983,0.0036,0.2412,0.97390002,-0.057500001,-2.253000021,0.460099995,0.1061,,0.1061
0.479600012,-0.200100005,-0.150199994,0.190300003,1.145900011,-0.265100002,0.243699998,1.041900039,-0.153699994,-2.231800079,0.428900003,0.108000003,,0.108000003
,,,,,,0.117299996,0.832899988,-0.012,-2.164999962,0.376100004,0.093500003,,0.093500003
,,,,,,0.359699994,1.14470005,-0.1998,-2.169699907,0.4648,0.111400001,,0.111400001
,,,,,,0.376899987,1.24849999,0.129700005,-2.17689991,0.2588,0.1118,,0.1118
,,,,,,0.203600004,0.908699989,-0.073700003,-2.14109993,0.398699999,0.088699996,,0.088699996
,,,,,,0.239800006,0.801900029,-0.236900002,-2.2421,0.258899987,0.119000003,,0.119000003
,,,,,,0.0298,0.790499985,-0.447400004,-2.213900089,0.450100005,0.072099999,,0.072099999
,,,,,,-0.077799998,0.952600002,-0.0266,-2.250299931,-0.081100002,0.087499999,,0.087499999
,,,,,,-0.146899998,0.965399981,-1.661999941,-2.388600111,-0.662599981,0.164299995,,0.164299995
,,,,,,-0.146200001,1.011500001,-0.300199986,-2.238300085,-0.268599987,0.119800001,,0.119800001
,,,,,,0.148399994,1.003900051,-1.64199996,-2.32159996,-0.224399999,0.109999999,,0.109999999
,,,,,,-0.0242,0.978200018,-0.239299998,-2.538300037,0.120099999,0.089199997,,0.089199997
,,,,,,-0.264200002,0.809800029,-0.577400029,-2.192699909,-0.374799997,0.0942,,0.0942
,,,,,,0.046799999,1.00880003,-1.966400027,-2.098700047,-0.358799994,0.116400003,,0.116400003
,,,,,,0.207800001,1.2421,-1.475399971,-2.483599901,-0.0217,0.161699995,,0.161699995
,,,,,,-0.036699999,1.284399986,-0.0038,-2.38380003,-0.043299999,0.050799999,,0.050799999
,,,,,,-0.249699995,0.9551,-1.408699989,-2.644900084,-0.563600004,0.109700002,,0.109700002
,,,,,,-0.300599992,1.001600027,-0.414099991,-2.316299915,-0.503400028,0.113200001,,0.113200001
,,,,,,0.184599996,1.385200024,-0.610300004,-2.40019989,-0.0801,0.1237,,0.1237
,,,,,,-0.32190001,0.813199997,-3.973400116,-2.240999937,-1.207100034,0.151600003,,0.151600003
,,,,,,0.2579,1.282999992,-0.254099995,-2.063800097,-0.018999999,0.107699998,,0.107699998
,,,,,,0.318800002,1.206599951,-0.661899984,-1.943400025,-0.147100002,0.148900002,,0.148900002
,,,,,,-0.074100003,0.954999983,-0.162300006,-1.821799994,-0.139400005,0.022700001,,0.022700001
,,,,,,0.340000004,1.103500009,-0.64349997,-1.970100045,0.0089,0.083800003,,0.083800003
,,,,,,0.184300005,0.930999994,-1.824399948,-1.934900045,-0.231099993,0.079300001,,0.079300001
,,,,,,0.0414,1.240499973,-1.119099975,-2.603399992,-0.211300001,0.0374,,0.0374
,,,,,,0.111699998,1.011999965,-0.83890003,-2.056900024,-0.291099995,0.101499997,,0.101499997
,,,,,,0.0955,0.795799971,-2.753700018,-1.804999948,-0.090000004,0.151199996,,0.151199996
,,,,,,0.202999994,1.156900048,-1.486099958,-2.453399897,-0.178900003,0.129099995,,0.129099995
,,,,,,-0.271400005,0.781599998,-3.618200064,-2.37590003,-0.854499996,0.168799996,,0.168799996
,,,,,,0.2421,0.1193,-0.095100001,-0.076399997,0.154100001,1.00E-04,,1.00E-04
,,,,,,-0.062199999,0.336499989,-1.905599952,-0.543900013,-0.169499993,0.018999999,,0.018999999
,,,,,,-0.029999999,-0.372000009,0.429399997,1.042999983,-0.356099993,-0.0744,,0.0744
,,,,,,-0.024800001,-0.319700003,-0.035,1.083500028,-0.356700003,-0.0495,,0.0495
,,,,,,-0.204799995,-0.71450001,-0.021400001,1.233700037,-0.508099973,-0.0177,,0.0177
,,,,,,-0.108000003,-0.628000021,-0.463499993,1.682700038,-0.50910002,-0.151600003,,0.151600003
,,,,,,0.037099998,0.134000003,-2.014800072,0.081500001,0.358500004,0.0008,,0.0008
,,,,,,-0.092299998,0.300900012,-2.625699997,-0.653100014,0.137099996,0.0243,,0.0243
,,,,,,-0.007,0.279500008,-2.978199959,-0.911199987,0.269199997,0.0392,,0.0392
,,,,,,0.064199999,0.065700002,0.086199999,-0.0605,0.039299998,-0.0165,,0.0165
,,,,,,0.133000001,0.159700006,-0.284500003,-0.320499986,0.098099999,0.001,,0.001
,,,,,,0.037500001,0.066100001,-0.380400002,-0.187299997,-0.079700001,-0.0069,,0.0069
,,,,,,0.0125,0.655499995,0.316700011,-0.278699994,-0.149800003,0.0038,,0.0038
,,,,,,-0.064300001,0.524500012,-2.108500004,-0.472900003,0.091399997,0.0239,,0.0239
,,,,,,-0.27700001,-0.259200007,-4.79640007,0.752799988,0.085100003,-0.041499998,,0.041499998
,,,,,,-0.219899997,-0.168599993,-6.023900032,0.576399982,0.049400002,-0.016100001,,0.016100001
,,,,,,-0.0152,0.916499972,-0.138300002,-2.259599924,-0.092699997,0.098300003,,0.098300003
,,,,,,-0.052499998,0.906799972,-0.457399994,-2.373800039,-0.228400007,0.121100001,,0.121100001
,,,,,,-0.152199998,1.010499954,-2.63409996,-2.876300097,-0.474400014,0.149000004,,0.149000004
,,,,,,0.140400007,1.106099963,-1.099400043,-2.00909996,0.130199999,0.116400003,,0.116400003
,,,,,,0.325500011,1.183599949,0.127399996,-2.064100027,0.332899988,0.088100001,,0.088100001
,,,,,,0.286000013,1.154000044,-0.152799994,-2.582099915,0.155900002,0.129700005,,0.129700005
,,,,,,0.0198,1.022099972,-0.046300001,-2.480900049,0.068899997,0.101099998,,0.101099998
,,,,,,0.0526,1.012300014,-0.189300001,-2.303900003,0.089599997,0.100699998,,0.100699998
,,,,,,-0.118600003,0.764900029,-0.060400002,-2.1802001,-0.114600003,0.096799999,,0.096799999
,,,,,,0.220500007,1.000200033,-0.127299994,-2.234699965,0.196400002,0.106799997,,0.106799997
,,,,,,0.153899997,0.910899997,-0.139300004,-2.189599991,0.220200002,0.122000001,,0.122000001
,,,,,,0.125200003,0.952499986,-0.123099998,-2.200000048,0.230199993,0.102200001,,0.102200001
,,,,,,0.27700001,1.118999958,-0.1219,-2.298899889,0.388900012,0.087899998,,0.087899998
,,,,,,0.0088,0.888400018,-0.25150001,-2.042099953,-0.098800004,0.092500001,,0.092500001
,,,,,,0.189799994,1.006700039,-0.1153,-2.18930006,0.098499998,0.084299996,,0.084299996
,,,,,,0.033100002,0.779500008,-0.443199992,-2.261499882,0.130400002,0.0973,,0.0973
,,,,,,-0.046,0.82130003,-0.340999991,-2.217200041,0.200900003,0.111100003,,0.111100003
,,,,,,-0.160099998,1.046499968,-0.123800002,-2.397599936,-0.175300002,0.094599999,,0.094599999
,,,,,,0.369399995,1.026900053,-1.967499971,-2.707099915,-0.283300012,0.207900003,,0.207900003
,,,,,,0.245900005,0.80400002,-0.146300003,-1.546200037,0.442000002,0.097599998,,0.097599998
,,,,,,-0.1074,0.689999998,-1.221300006,-2.030600071,-0.351399988,0.0592,,0.0592
,,,,,,0.528999984,1.051900029,-0.599099994,-2.288599968,0.176899999,0.170900002,,0.170900002
,,,,,,-0.081900001,0.479999989,0.096299998,-1.464300036,0.107500002,0.067000002,,0.067000002
,,,,,,-0.153799996,0.878600001,-2.485500097,-1.267099977,-0.686100006,0.0145,,0.0145
,,,,,,-0.219999999,0.746399999,-5.726500034,-1.973199964,-0.966600001,0.104800001,,0.104800001
,,,,,,-0.0317,0.315200001,-2.084899902,-0.73150003,-0.483399987,0.0129,,0.0129
,,,,,,0.133599997,0.091700003,0.149900004,-0.125300005,0.042599998,0.0061,,0.0061
,,,,,,0.0139,-0.026699999,-0.0263,0.093900003,0.0766,0.0097,,0.0097
,,,,,,0.148000002,-0.0766,-0.371600002,-0.071500003,0.1043,0.0094,,0.0094
,,,,,,0.0071,0.120999999,-1.187899947,-0.208399996,0.128099993,0.035700001,,0.035700001
,,,,,,0.0352,0.037500001,0.0255,-0.086099997,0.0123,0.0167,,0.0167
,,,,,,-0.136700004,0.187800005,-3.115099907,-0.344099998,-0.116899997,0.0383,,0.0383
,,,,,,0.0385,0.846499979,-0.668600023,-1.950899959,0.032900002,0.105400003,,0.105400003
,,,,,,0.217199996,0.713999987,-0.432799995,-1.844799995,0.131699994,0.082599998,,0.082599998
,,,,,,0.063600004,0.134200007,-0.210999995,-0.3125,0.061500002,0.034200002,,0.034200002
,,,,,,0.124700002,0.277200013,-0.486900002,-0.31220001,0.0383,0.045499999,,0.045499999
,,,,,,0.051100001,-0.409200013,-0.062100001,0.411300004,0.099600002,-0.0041,,0.0041
,,,,,,0.0177,0.294400007,-1.069000006,-0.387300014,-0.030400001,0.0199,,0.0199
,,,,,,0.063500002,0.316500008,-1.684900045,-0.507499993,0.170399994,0.025699999,,0.025699999
,,,,,,-0.152400002,-0.214900002,-0.37560001,0.415199995,-0.369100004,-0.038699999,,0.038699999
,,,,,,-0.115099996,-0.317200005,-0.127700001,0.553200006,-0.304500014,-0.016899999,,0.016899999
,,,,,,-0.150800005,-0.247600004,-0.240899995,0.60769999,-0.558300018,-0.0042,,0.0042
,,,,,,0.2095,0.072800003,-0.360100001,0.039999999,0.147200003,0.0095,,0.0095
,,,,,,-0.1919,-0.347000003,0.066600002,0.690500021,-0.562900007,-0.041999999,,0.041999999
,,,,,,-0.271400005,-0.427700013,0.019099999,1.129299998,-0.771300018,-0.048999999,,0.048999999
,,,,,,-0.124399997,-0.171399996,0.185499996,0.323300004,-0.217800006,-0.0135,,0.0135
,,,,,,-0.165800005,-0.1505,-1.825299978,0.207900003,-0.670000017,-0.0524,,0.0524
,,,,,,-0.150900006,0.096299998,-0.845799983,-0.181299999,-0.672800004,-0.127200007,,0.127200007
,,,,,,,,,,,,,
,,,,,,,,,,,,,
,,,,,,,,,,,,,0.079983291
